video,track_id,seg_id,lvl,frame_start,frame_end,T_occ,ob_deg,od_deg,case,fde_kf,fde_ekf,gain_ctrv
MVI_40241,37,0,partial,198,217,20,-0.0337221645587655,-0.1566994967894164,STRAIGHT,108.90293258659756,114.14654051649133,-5.24360792989377
MVI_40241,43,0,partial,240,261,22,-0.3772460431080423,-0.0417788300737062,STRAIGHT,85.53779851805854,80.3902188204114,5.1475796976471315
MVI_40241,59,0,partial,401,431,31,-0.0435409479999977,-0.1052446428304616,STRAIGHT,111.39237097852822,103.98624030172785,7.406130676800373
MVI_40241,79,0,partial,567,586,20,-0.4722208097940695,-0.6095139372001062,CASE_A,109.08674120477588,104.70409266010878,4.3826485446670915
MVI_40241,84,0,partial,596,611,16,0.3248278419904589,-0.6166434618185193,CASE_C,70.16450996970315,67.59848014746112,2.5660298222420295
MVI_40241,87,0,partial,594,611,18,0.1233530076014445,-0.215278510139937,STRAIGHT,102.74451826740338,96.08488005265761,6.659638214745769
MVI_40241,110,0,partial,745,786,42,-0.0068453706393725,0.106526142897354,STRAIGHT,212.921669922829,203.86961703550108,9.052052887327932
MVI_40241,129,0,partial,928,945,18,-0.143047836325619,-0.076859357100574,STRAIGHT,49.9460040581544,46.425683300128924,3.520320758025477
MVI_40241,133,0,partial,967,991,25,0.0916088294579958,0.1857500887828718,STRAIGHT,141.16301166610734,134.39128545180728,6.77172621430006
MVI_40241,149,0,partial,1068,1086,19,-0.0946933341827281,-0.4333373731295183,CASE_B,55.167806368683806,49.13810433469422,6.029702033989587
MVI_40241,150,0,partial,1045,1086,42,-0.2676268525032935,0.006189218041677,STRAIGHT,240.80848266247344,234.3367791855465,6.471703476926933
MVI_40241,157,0,partial,1098,1121,24,-0.0824307562167687,0.933267978140638,CASE_B,89.8919941847433,82.46539142532569,7.426602759417605
MVI_40241,161,0,partial,1127,1151,25,0.0451447610141447,-0.533852093425142,CASE_B,143.8386478830425,136.116906975834,7.721740907208499
MVI_40241,183,0,partial,1261,1301,41,0.0593949640855196,-0.1661334840153656,STRAIGHT,266.23504690766305,259.2053714082378,7.029675499425252
MVI_40241,189,0,partial,1288,1327,40,0.3517475116608511,-0.0565085694098997,STRAIGHT,184.0870831517377,180.42544689718946,3.6616362545482275
MVI_40241,193,1,partial,1305,1355,51,-0.3893897500759919,-0.2024062709056788,STRAIGHT,364.28523518258,357.138943884488,7.146291298091967
MVI_40241,202,0,partial,1407,1416,10,-0.2476948812235312,-1.880595908479854,CASE_B,27.962816784236,21.088472862803226,6.874343921432775
MVI_40241,216,1,partial,1495,1526,32,-0.022356569277306,-0.1473497375299738,STRAIGHT,227.00630028478852,220.73663632415628,6.2696639606322435
MVI_40241,223,1,partial,1544,1595,52,0.5036441635166532,-0.0212465257986121,STRAIGHT,321.9773724588233,343.11864772617645,-21.141275267353137
MVI_40241,228,1,partial,1593,1639,47,0.1175106635342328,0.1179123350935956,STRAIGHT,301.7935954450812,301.806748092446,-0.013152647364790937
MVI_40241,234,0,partial,1640,1666,27,-0.1208054095668735,-0.115337089888667,STRAIGHT,133.04777795156306,126.57846058392727,6.469317367635796
MVI_40241,235,1,partial,1644,1678,35,0.0417022700623575,-0.0837719701046499,STRAIGHT,241.6387211296429,236.75820007436647,4.880521055276432
MVI_40241,241,0,partial,1691,1706,16,-0.0405564113111306,0.532132709380641,CASE_B,12.252074415458566,15.15559062783043,-2.903516212371864
MVI_40241,243,0,partial,1671,1701,31,-3.312012841415879,0.0335287251450193,STRAIGHT,323.78410910598467,471.9228129357396,-148.13870382975495
MVI_40241,254,1,partial,1760,1799,40,-0.501831555229085,-0.0385020549881715,STRAIGHT,271.07484227963823,266.32856872796077,4.7462735516774615
MVI_40241,311,0,partial,2181,2206,26,-0.1343884233353421,-0.1022928646349187,STRAIGHT,130.82670874598085,125.18465528420894,5.6420534617719085
MVI_40241,324,3,partial,2260,2287,28,0.0696361920038769,-0.1207058184909253,STRAIGHT,198.34476865706722,193.92681996720026,4.417948689866961
MVI_40241,325,0,partial,2255,2291,37,-0.1040163485958177,-0.0496809933781088,STRAIGHT,201.05771762879385,195.33702533110988,5.720692297683968
MVI_40241,335,1,partial,2303,2320,18,1.1166426364137865,0.3406986323647098,CASE_A,20.62577892901578,27.99005310929898,-7.3642741802832
MVI_40752,6,1,partial,79,127,49,0.2065535259448635,-0.0029372943609792,STRAIGHT,157.6596524865441,154.99498924147883,2.6646632450652703
MVI_40752,9,0,partial,136,156,21,-0.7085674782802631,0.2992566920633591,CASE_C,28.84353700583632,48.03794000959176,-19.194403003755436
MVI_40752,17,0,partial,185,230,46,-0.4838889502484279,-0.0900484536520336,STRAIGHT,87.16481676008146,85.29765217031014,1.8671645897713205
MVI_40752,28,1,partial,204,230,27,-0.2885618816521997,0.1032882923802251,STRAIGHT,44.01775155124677,41.436544580730526,2.5812069705162415
MVI_40752,28,2,partial,240,268,29,-0.2786375723207497,-0.1499498442041755,STRAIGHT,93.81757019045827,87.04994747655321,6.767622713905055
MVI_40752,29,0,partial,206,266,61,0.8711826544349008,0.0037697034131868,STRAIGHT,278.47424605032285,337.62185181553167,-59.14760576520882
MVI_40752,36,2,partial,358,386,29,-0.1966289096890613,0.1815683361854406,STRAIGHT,65.01466219239651,57.38234963909826,7.632312553298256
MVI_40752,48,1,partial,447,461,15,0.1704901670915367,0.5110292561158987,CASE_B,35.38566674611408,30.34544089176657,5.040225854347511
MVI_40752,60,1,partial,588,609,22,-0.1100023978530463,-0.0876841673100011,STRAIGHT,65.77662689523963,58.642506043786064,7.134120851453567
MVI_40752,63,1,partial,596,626,31,0.8333476434506384,0.1726104665541059,STRAIGHT,90.43256505323012,130.7971268580525,-40.36456180482239
MVI_40752,68,0,partial,709,735,27,-0.0489065483475706,-0.2910760804583653,CASE_B,42.27069514310318,47.188695153942334,-4.918000010839151
MVI_40752,69,2,partial,720,729,10,-0.065703887818516,0.0648808595275969,STRAIGHT,23.33115460651977,19.587826717111618,3.743327889408153
MVI_40752,71,0,partial,725,735,11,0.8897498822649913,0.5220680275555827,CASE_A,6.958191096949359,6.835457564681269,0.12273353226809025
MVI_40752,78,1,partial,745,774,30,0.5496415955794951,0.307525063582286,CASE_A,166.32810100910507,183.80913250640072,-17.481031497295646
MVI_40752,105,0,partial,1101,1136,36,0.155780481382749,0.0188004027421163,STRAIGHT,114.80709903549597,103.25122033577674,11.55587869971923
MVI_40752,112,0,partial,1166,1226,61,0.0543970533906736,-0.0518490555219915,STRAIGHT,253.06010810204114,246.080968265837,6.979139836204155
MVI_40752,113,1,partial,1204,1226,23,-0.2938225821999436,0.1886932432007848,STRAIGHT,83.72776718303697,76.72404057093522,7.003726612101758
MVI_40752,138,0,partial,1441,1475,35,1.2420871565535494,-0.0299024663871499,STRAIGHT,32.78976816945063,99.23116731680328,-66.44139914735266
MVI_40752,146,1,partial,1523,1591,69,-0.5902518407699769,0.0617880187439156,STRAIGHT,426.16396018258376,561.8648297057706,-135.70086952318684
MVI_40752,148,1,partial,1534,1558,25,0.2711423482446151,-0.0158551376502626,STRAIGHT,97.16139178474167,109.19612214531628,-12.034730360574613
MVI_40752,149,0,partial,1566,1589,24,0.077994777604909,0.3220584533709438,CASE_B,81.01305821431353,74.93275754420135,6.08030067011218
MVI_40752,164,0,partial,1744,1781,38,0.1093208607393809,-0.6739947954881077,CASE_B,35.67767161350459,61.704498802044796,-26.026827188540203
MVI_40752,174,0,partial,1806,1838,33,0.3351870184432688,0.0170946129164154,STRAIGHT,46.50493567117922,72.81776128943554,-26.31282561825632
MVI_40752,175,0,partial,1840,1860,21,0.9588881836110298,-0.4654370380243184,CASE_C,17.447866223494064,20.836600942132844,-3.38873471863878
MVI_40752,180,0,partial,1914,1936,23,0.140406606706444,0.2057163672863695,STRAIGHT,13.594893342744149,24.814508129510457,-11.219614786766309
MVI_40752,181,1,partial,1848,1865,18,-0.1706918049753846,0.4559447787881088,CASE_B,29.328904941299072,26.51120947984933,2.817695461449741
MVI_40752,181,2,partial,1873,1885,13,0.2377303171631756,0.4995260583057038,CASE_B,25.13092781135407,22.458964393330316,2.671963418023754
MVI_40752,182,0,partial,1875,1891,17,-0.0352661236260709,0.1400608861012169,STRAIGHT,41.06554552574698,47.05801396042833,-5.992468434681356
MVI_40752,187,2,partial,1919,1933,15,-0.1796839456888211,0.4350686134749073,CASE_B,27.392107421800524,23.93847327395093,3.453634147849595
MVI_40752,187,3,partial,1938,1959,22,0.2639805540507304,-0.1752263519726154,STRAIGHT,70.46554484694416,65.45989426722497,5.0056505797191875
MVI_40992,2,0,partial,15,54,40,0.0641271375797542,0.2503033999367412,CASE_B,257.4005666927378,275.6831025199558,-18.282535827218
MVI_40992,3,0,partial,54,81,28,-0.4915067149605576,0.0491695287692965,STRAIGHT,141.91186870041622,156.91387955966886,-15.002010859252636
MVI_40992,4,0,partial,146,184,39,0.0112183182849178,-0.0272653296801815,STRAIGHT,183.39635136378135,198.54659105546776,-15.150239691686409
MVI_40992,5,0,partial,228,293,66,-0.1066549814307614,0.0435836515973933,STRAIGHT,273.9364833478359,293.7713045230737,-19.834821175237778
MVI_40992,7,0,partial,294,328,35,-0.259075168497565,-0.0179356576481259,STRAIGHT,165.83628463177905,188.3873995856347,-22.55111495385566
MVI_40992,8,0,partial,322,396,75,-0.0012524694026047,-0.1509912710739384,STRAIGHT,523.596601715034,551.0856447191765,-27.489043004142445
MVI_40992,10,0,partial,386,425,40,-0.3018259665286189,0.2917983467290472,CASE_C,237.68236409725353,256.36950077868823,-18.68713668143471
MVI_40992,12,1,partial,524,563,40,-0.2134907381505117,0.2198836175876268,STRAIGHT,184.42560847951955,205.34830408699852,-20.92269560747897
MVI_40992,12,2,partial,575,609,35,-0.2153721400427208,0.5493505137835305,CASE_B,51.284110212888,54.33649401070657,-3.052383797818571
MVI_40992,18,1,partial,938,975,38,-1.7239585454296025,-0.0080270243479569,STRAIGHT,213.16258831455286,290.8158254088119,-77.65323709425905
MVI_40992,19,0,partial,973,1012,40,0.1644022623634181,0.3920011931274287,CASE_B,182.01650187880728,194.3234792988213,-12.306977420014022
MVI_40992,21,1,partial,1025,1068,44,-0.2020469506253916,0.0024329557549802,STRAIGHT,213.48591561437047,229.1249860408699,-15.639070426499444
MVI_40992,21,2,partial,1084,1126,43,-0.006150709646328,1.30684387358343,CASE_B,63.42894151814682,67.39520072651302,-3.9662592083662034
MVI_40992,23,0,partial,1123,1168,46,-0.327016579857085,-0.0375094551045562,STRAIGHT,256.11906284872265,282.10998604203996,-25.990923193317315
MVI_40992,25,0,partial,1195,1226,32,-0.1250737234713059,0.0080148168709518,STRAIGHT,182.11473388702177,202.2108684970805,-20.096134610058726
MVI_40992,26,0,partial,1267,1305,39,-0.1134781728977711,-0.0498518589773585,STRAIGHT,211.54802940481804,228.31104306732368,-16.763013662505642
MVI_40992,27,0,partial,1310,1353,44,-0.3432299069947613,0.1521859188527042,STRAIGHT,227.55019254178507,267.28794502421977,-39.7377524824347
MVI_40992,30,0,partial,1457,1541,85,-0.093805704028796,-0.1343429512085504,STRAIGHT,653.6829560918675,692.1286227956617,-38.445666703794245
MVI_40992,36,1,partial,1769,1835,67,-0.0105006961751189,0.1690365596445973,STRAIGHT,327.99529419311705,347.60821164307146,-19.61291744995441
MVI_40992,36,2,partial,1855,1901,47,-1.341710857418144,0.2109391185084177,STRAIGHT,9.251453320179733,20.09329304907832,-10.841839728898586
MVI_40992,37,0,partial,1808,1898,91,-2.178940846823288,0.0969317847082125,STRAIGHT,539.5886655098533,732.2949079990801,-192.70624248922684
MVI_40992,37,1,partial,1917,1951,35,-1.0281756794563657,-0.1397855570901201,STRAIGHT,3.010494105011588,26.428177735750403,-23.417683630738814
MVI_40992,40,0,partial,1928,1976,49,-0.1666619124126586,-0.0148290745741102,STRAIGHT,283.2069392401789,303.860433731407,-20.653494491228116
MVI_40992,43,0,partial,2100,2137,38,-0.5960417917487925,-0.0143230294564164,STRAIGHT,284.25485573679674,306.62655719758095,-22.37170146078421
MVI_40992,44,0,partial,2143,2160,18,-0.6811653229298437,-1.3817162234139848,CASE_A,53.064592958887765,31.628010908482597,21.436582050405168
MVI_63552,31,0,partial,252,301,50,-1.559686427315924,0.0449455283750752,STRAIGHT,35.93376381358931,339.7066903856314,-303.77292657204214
MVI_63552,32,0,partial,292,316,25,-0.2158497197562262,0.1691082111064273,STRAIGHT,81.74332116497996,92.12123130819064,-10.377910143210684
MVI_63552,37,0,partial,323,366,44,-0.0394579112503144,0.0379581950536948,STRAIGHT,358.7028753937472,379.92080894372987,-21.21793354998266
MVI_63552,81,0,partial,712,731,20,-0.2380792118422994,0.2728193470963248,CASE_B,69.48680713621845,80.84053806108177,-11.353730924863328
MVI_63553,29,0,partial,159,210,52,0.2833382056530366,-0.0280024116139312,STRAIGHT,381.0044062577059,403.46979759129795,-22.465391333592038
MVI_63553,32,0,partial,189,226,38,-0.0673613444671939,-0.0148768290219514,STRAIGHT,146.17769416655753,168.65132557649056,-22.473631409933034
MVI_63553,41,0,partial,263,306,44,-0.0998579481076824,0.193095083945986,STRAIGHT,182.54502055519433,198.58188339364884,-16.03686283845451
MVI_63553,60,1,partial,385,401,17,0.1536265392855291,-0.0323726683103937,STRAIGHT,33.42363556154576,39.35851697151138,-5.9348814099656195
MVI_63553,74,0,partial,516,546,31,-0.212193163694642,-0.2222840068251033,STRAIGHT,218.23953337314967,235.93113563800514,-17.691602264855476
MVI_63553,78,0,partial,556,571,16,-0.0583537534956017,-0.2968726695826407,CASE_B,111.0605900072637,99.80641739590313,11.254172611360573
MVI_63553,83,0,partial,616,636,21,-0.2397979815480453,-0.2053733759145146,STRAIGHT,19.67339693574398,28.568024886560497,-8.894627950816517
MVI_63553,102,0,partial,710,766,57,0.1308031298730285,-0.1248197917423364,STRAIGHT,299.29490402576647,337.3215336365976,-38.02662961083115
MVI_63553,120,0,partial,856,883,28,-0.2972416460715605,-0.1263544658273661,STRAIGHT,132.59523434559546,145.86120771598354,-13.265973370388082
MVI_63553,123,0,partial,894,938,45,0.2792101268143664,-0.0687789440023893,STRAIGHT,241.29749636266916,284.9276796839843,-43.630183321315144
MVI_63553,134,0,partial,1001,1066,66,-1.815148521807777,-0.0315599191296135,STRAIGHT,247.5707342348285,845.2615838317832,-597.6908495969548
MVI_63553,140,0,partial,1073,1106,34,-0.280258893825713,0.199292534597982,STRAIGHT,141.9615645103245,160.47717564255453,-18.51561113223002
MVI_63553,149,0,partial,1111,1151,41,1.6260882249753588,-0.0122744606499264,STRAIGHT,648.5046231767425,651.2402402427101,-2.735617065967631
MVI_63553,157,0,partial,1181,1201,21,-0.2257410307928364,0.0758377367055611,STRAIGHT,34.615835915110964,22.452007639170755,12.163828275940208
MVI_63553,166,0,partial,1233,1287,55,-1.867068586497407,-0.1372687232630697,STRAIGHT,264.96539959127824,495.33275553190714,-230.3673559406289
MVI_63553,166,1,partial,1298,1321,24,0.2198889771112808,-0.0249002704792867,STRAIGHT,38.0147698802623,45.01041139357795,-6.995641513315647
MVI_63553,170,0,partial,1252,1323,72,-0.4882072377667903,-0.0141425180775691,STRAIGHT,224.03102860448496,339.1978810680158,-115.16685246353086
MVI_63553,172,1,partial,1313,1326,14,-0.1578493027701658,0.3565535905583973,CASE_B,8.036911201548598,10.962942951507303,-2.926031749958705
MVI_63553,174,0,partial,1282,1324,43,0.4330439744563884,0.0691104017620807,STRAIGHT,101.79446084822726,219.08400449478881,-117.28954364656155
MVI_63553,174,1,partial,1328,1346,19,-0.3741191610888221,0.6944436566637158,CASE_C,27.508867823793516,30.979550868286314,-3.470683044492798
MVI_63554,15,0,partial,77,141,65,-1.3821726591684131,0.0331215118791338,STRAIGHT,244.6185878943334,642.4624079922821,-397.84382009794876
MVI_63554,23,0,partial,156,200,45,0.3725099041823556,0.0576562508549343,STRAIGHT,26.828596938447316,126.2710217074044,-99.44242476895708
MVI_63554,33,0,partial,262,306,45,0.2127020435901031,0.1042888076250906,STRAIGHT,230.58342890589947,255.14810332368194,-24.56467441778247
MVI_63554,41,0,partial,357,381,25,-0.7561987411007811,0.5375699691506851,CASE_C,15.341915604169095,44.73492330134342,-29.393007697174326
MVI_63554,49,0,partial,373,426,54,0.3275924270407677,-0.2729447666628793,CASE_C,332.7521166847571,359.8348265672255,-27.082709882468407
MVI_63554,58,0,partial,426,446,21,3.306354589389497,0.0536025506575386,STRAIGHT,286.51528297932265,308.4740979960892,-21.95881501676655
MVI_63554,62,1,partial,467,501,35,0.2469850740334239,-0.0663072777007842,STRAIGHT,179.96512984319816,199.3617532341241,-19.396623390925953
MVI_63554,72,0,partial,602,621,20,-0.7174274934759692,-0.5191047628472473,CASE_A,13.17661159175852,32.134879289960175,-18.958267698201652
MVI_63554,87,0,partial,631,661,31,-0.0741285479799947,-0.0805500829017714,STRAIGHT,310.9491011724836,298.79050440642834,12.158596766055268
MVI_63554,90,0,partial,707,726,20,-0.6837123470101084,-0.0412755459463725,STRAIGHT,23.46903372907873,34.53023446300179,-11.061200733923059
MVI_63554,94,0,partial,701,726,26,-0.0733502954744586,-0.2153973406838776,STRAIGHT,301.0936509358899,288.4110787819107,12.682572153979208
MVI_63554,103,0,partial,785,801,17,-0.6934612646471431,-0.1450518000375797,STRAIGHT,36.73202796273191,46.06703385502896,-9.335005892297048
MVI_63554,126,0,partial,909,945,37,-0.1439537819269623,-0.3094742766955498,CASE_B,414.11984462362255,407.1881591162089,6.931685507413647
MVI_63554,158,0,partial,1193,1246,54,-0.9760681307035096,-0.0480372768723482,STRAIGHT,278.77548849929565,469.2022268114049,-190.42673831210925
MVI_63561,10,0,partial,54,76,23,0.0146175288629912,-0.2286651929204855,STRAIGHT,78.03050883786221,70.99847460653412,7.0320342313280975
MVI_63561,15,0,partial,102,141,40,0.2584617226333726,-0.1464971099264316,STRAIGHT,397.2118377481956,416.50036875464514,-19.288531006449546
MVI_63561,28,0,partial,172,196,25,-1.1705075434098766,0.265948278343196,CASE_C,69.05626680931077,92.38824866233493,-23.33198185302416
MVI_63561,66,0,partial,387,407,21,0.2451211735430937,-0.1029901647242969,STRAIGHT,89.92116514396783,81.35905993502303,8.5621052089448
MVI_63561,84,0,partial,518,569,52,-0.8009624089557755,0.1278419541286041,STRAIGHT,326.9970964293268,354.3516092095665,-27.354512780239702
MVI_63561,100,2,partial,656,679,24,0.2222890333682039,0.0665351705254392,STRAIGHT,85.14314817498756,83.16139390527388,1.9817542697136759
MVI_63561,102,1,partial,677,701,25,0.1681556044405674,0.1591070770076637,STRAIGHT,114.75981462350354,110.23104463624811,4.52876998725543
MVI_63561,107,1,partial,708,738,31,0.1620867598056903,0.02247445060303,STRAIGHT,202.52226214350344,197.72128492466553,4.8009772188379145
MVI_63561,108,0,partial,673,732,60,-0.6937006120788742,-0.064642924254762,STRAIGHT,225.74444870218255,261.26104878863623,-35.51660008645368
MVI_63561,118,0,partial,790,836,47,-0.4010959356801947,0.0122051416916028,STRAIGHT,280.1865677484355,276.51793911358294,3.6686286348525528
MVI_63561,128,0,partial,875,891,17,-0.0130453272180898,0.039769181753338,STRAIGHT,129.5358585165748,138.13503063838368,-8.599172121808891
MVI_63561,151,0,partial,1035,1071,37,-0.0372556846646785,-0.0163849981627953,STRAIGHT,240.0557609764377,227.81525778434113,12.240503192096583
MVI_63561,176,1,partial,1212,1246,35,-0.2438141674128444,-0.2309106773247844,STRAIGHT,311.9945568148652,300.8999200346375,11.094636780227688
MVI_63563,13,0,partial,92,115,24,-0.4446445654355372,0.1204299095568891,STRAIGHT,143.5589982592403,142.04233972335163,1.5166585358886664
MVI_63563,16,1,partial,118,168,51,0.4740436740558268,0.0076481783302531,STRAIGHT,297.1742517561831,328.86660006235593,-31.692348306172846
MVI_63563,36,0,partial,291,311,21,0.2006579692202786,0.0067255624628287,STRAIGHT,97.96269683667454,90.03040892591304,7.932287910761502
MVI_63563,37,1,partial,253,262,10,0.1249730058848109,0.3064958066447097,CASE_B,15.819576741493885,12.452254203550469,3.3673225379434157
MVI_63563,37,2,partial,276,299,24,0.2013574819412422,0.1656843867749026,STRAIGHT,132.9774496808267,126.00747875714384,6.969970923682865
MVI_63563,40,1,partial,276,331,56,0.2637110074181495,0.0592601211936921,STRAIGHT,401.75305742574955,397.01038493362427,4.74267249212528
MVI_63563,45,0,partial,343,356,14,-0.2365299865927768,-0.2165017504740175,STRAIGHT,49.757824474946986,42.1624107182735,7.595413756673487
MVI_63563,75,0,partial,540,574,35,-0.6229803897919615,-0.0313797451405793,STRAIGHT,239.83631496964148,242.6255373051032,-2.789222335461716
MVI_63563,90,0,partial,649,679,31,-0.2432829596720353,0.0069525385808691,STRAIGHT,197.76287532960654,189.45506519516442,8.307810134442121
MVI_63563,109,1,partial,887,930,44,0.4708475677408688,-0.0674098998194079,STRAIGHT,109.84806122861586,121.3141754414206,-11.46611421280474
MVI_63563,111,0,partial,889,920,32,-0.0680483402164658,-0.0540365943989211,STRAIGHT,223.04867710902144,215.24637559042534,7.802301518596096
MVI_63563,115,0,partial,937,958,22,-0.351481024525035,-0.1013220897777656,STRAIGHT,133.26944802276353,131.46176923529893,1.8076787874645959
MVI_63563,117,0,partial,984,1002,19,-0.2303124345812293,-0.0964844197565177,STRAIGHT,66.93461265382354,64.84064139576171,2.0939712580618277
MVI_63563,128,0,partial,1124,1136,13,-0.3367158368940918,0.0369515861689571,STRAIGHT,30.72187748608353,25.82120952170762,4.900667964375913
MVI_63563,132,0,partial,1098,1107,10,-0.4189941435590434,0.6211094948724506,CASE_C,11.39676411036798,10.278956137032205,1.1178079733357755
MVI_63563,132,1,partial,1143,1166,24,-0.0361176610418403,0.0075052737631492,STRAIGHT,55.92277406854527,48.65830974118434,7.264464327360933
MVI_63563,137,0,partial,1108,1136,29,0.2391706735249609,-0.1684628118520157,STRAIGHT,230.353735369028,222.03102864914698,8.322706719881012
MVI_63563,139,1,partial,1149,1190,42,0.3890742593462739,-0.1147649584523268,STRAIGHT,109.00880123892543,96.40313231457375,12.605668924351676
MVI_63563,142,1,partial,1141,1168,28,-0.1477888895196423,0.061921342087757,STRAIGHT,98.67107539774705,94.39664544195062,4.274429955796421
MVI_63563,143,1,partial,1134,1170,37,-0.0407255254224725,0.1029831557523244,STRAIGHT,252.53633695570048,238.38716519867452,14.149171757025954
MVI_63563,145,0,partial,1160,1178,19,0.4491807719653214,0.3207893166747652,CASE_A,41.92329351479052,40.332233993227604,1.5910595215629186
MVI_63563,148,0,partial,1198,1227,30,0.3087290437024375,0.0292359280124388,STRAIGHT,192.30316061338632,186.6930688404253,5.610091772961027
MVI_63563,171,0,partial,1332,1343,12,0.2940323988050006,-0.689332829147889,CASE_C,19.97031878145233,18.873799690255723,1.0965190911966083
MVI_40752,34,4,full,317,328,12,-0.211166023531586,0.3073503637082643,CASE_B,37.381123846808734,32.420296067080216,4.960827779728518
MVI_40752,76,1,full,774,804,31,-0.2100812473163094,-0.0574161475772684,STRAIGHT,121.97238782530677,113.47071158519418,8.501676240112587
MVI_40752,83,1,full,858,876,19,-0.0789162448156673,0.6802649147820948,CASE_B,38.13072577581683,43.29028422065855,-5.159558444841721
MVI_40752,99,1,full,1046,1067,22,-0.2125433763027798,-0.0475581297162088,STRAIGHT,72.50514655409643,67.99728166757366,4.507864886522768
MVI_40992,5,0,full,247,260,14,-1.394807583913542,2.42258068336868,CASE_C,25.33568199429324,36.45253525224795,-11.116853257954709
MVI_40992,6,0,full,256,275,20,-0.1081677379954515,0.2568673952274746,CASE_B,84.96607266301469,92.02427879183394,-7.058206128819251
MVI_40992,9,0,full,347,368,22,0.1811453387566022,0.0786505337290055,STRAIGHT,73.04235291570818,82.3277586083937,-9.285405692685515
MVI_40992,11,0,full,521,536,16,0.0710833300571891,0.8754219891597818,CASE_B,79.6158771518201,86.74241722788682,-7.126540076066718
MVI_40992,13,0,full,564,581,18,-0.4121745096052325,0.4490355991894108,CASE_C,60.97371677579076,69.34572004134434,-8.372003265553573
MVI_40992,14,0,full,613,633,21,-0.2790756598662179,0.2316794801245637,STRAIGHT,83.58127422851565,92.9271625599101,-9.345888331394448
MVI_40992,15,0,full,726,746,21,-0.4330583355205495,0.8122193283231327,CASE_C,70.66626662501832,77.84488895501163,-7.178622329993303
MVI_40992,16,0,full,812,832,21,0.0249086119598373,0.2304293680871376,STRAIGHT,66.13865214352548,73.12567849185297,-6.98702634832749
MVI_40992,17,0,full,870,889,20,0.4370439979349571,0.7034300203651769,CASE_A,82.65211772406798,92.97095441651464,-10.318836692446666
MVI_40992,18,0,full,955,975,21,-0.2025173322089077,0.3640951438844013,CASE_B,55.4248001943331,60.51925461488077,-5.09445442054767
MVI_40992,20,0,full,1017,1033,17,-0.3187881369219884,0.3660390012088995,CASE_C,82.91218129340695,91.45679457381564,-8.544613280408697
MVI_40992,22,0,full,1065,1084,20,-0.5857398848611869,0.2349644947911938,STRAIGHT,64.37102665544795,71.31647851045331,-6.945451855005359
MVI_40992,24,0,full,1166,1184,19,-0.3489951991517122,0.3398740296673933,CASE_C,72.74659719017946,79.81314920335073,-7.066552013171275
MVI_40992,28,0,full,1381,1401,21,0.2272938006565645,0.5878107996839917,CASE_B,69.83950014067787,77.90194004139853,-8.062439900720662
MVI_40992,29,0,full,1428,1450,23,0.170705219592319,0.0341229298293302,STRAIGHT,55.71486383527633,63.37182602855283,-7.656962193276499
MVI_40992,31,0,full,1487,1508,22,0.4414905553974428,0.8726867171136421,CASE_A,21.22044860142987,35.17012412393487,-13.949675522505
MVI_40992,32,0,full,1618,1631,14,0.2024065664371491,0.8442848375816413,CASE_B,81.90166911297462,89.90135606063342,-7.999686947658802
MVI_40992,34,0,full,1722,1741,20,-0.4765026323434829,0.6826752949918306,CASE_C,84.97642078224465,98.0774716737139,-13.101050891469256
MVI_40992,35,0,full,1759,1780,22,-0.2892889908251652,0.3634620222060777,CASE_C,107.74961813111221,119.06823304959363,-11.318614918481416
MVI_40992,37,0,full,1848,1859,12,0.4905720218090184,-4.831895268509274,CASE_C,8.956651911371786,9.849041961672265,-0.8923900503004791
MVI_40992,38,0,full,1834,1856,23,-0.0656925657241562,0.7668665437552917,CASE_B,82.5789580422803,89.8520267485722,-7.273068706291895
MVI_40992,39,0,full,1897,1926,30,-0.0037936681044634,0.6527527184087393,CASE_B,96.46549097531854,103.34269791680978,-6.877206941491238
MVI_40992,41,0,full,2024,2042,19,0.0259530940895999,0.5294752663581854,CASE_B,65.39962229931983,74.48115320205319,-9.081530902733363
MVI_40992,42,0,full,2076,2096,21,0.3202712246464921,0.6438622963745358,CASE_A,73.60927582370965,83.37528045685312,-9.766004633143467
MVI_63552,48,0,full,468,479,12,-0.7986730340538055,1.0296254467162156,CASE_C,38.93657280317519,47.87941615331944,-8.942843350144251
MVI_63552,52,0,full,495,505,11,-0.574374961411858,0.6479598109762469,CASE_C,22.97323223770294,10.269723764641808,12.703508473061133
MVI_63552,138,0,full,1070,1086,17,0.6180938908450352,0.0860816557766936,STRAIGHT,18.18589986691632,35.076990323611746,-16.891090456695427
MVI_63553,51,1,full,330,353,24,0.0685128958109094,0.596093059815994,CASE_B,87.79663856756595,96.87978991125055,-9.083151343684605
MVI_63553,64,0,full,421,437,17,-0.5902845112682769,0.6530189386608659,CASE_C,59.97729827449663,68.47717507467873,-8.499876800182093
MVI_63553,67,0,full,426,439,14,-1.3536685874424947,-0.2602344459180162,CASE_A,12.905262036156447,52.80621970969103,-39.90095767353458
MVI_63553,96,1,full,683,692,10,-0.4125001068135762,-0.0222539318865069,STRAIGHT,44.17452069686947,51.632137193385894,-7.457616496516422
MVI_63553,129,0,full,940,953,14,-0.430333078196801,0.6529926689758092,CASE_C,62.63157616279305,72.57359418506799,-9.942018022274937
MVI_63553,145,0,full,1069,1095,27,-0.3414371745756692,0.0882070252077859,STRAIGHT,124.04638227640181,140.72551437431207,-16.679132097910255
MVI_63554,9,0,full,24,58,35,0.0083979842334285,0.0232054264846651,STRAIGHT,259.8080381531383,291.151419409471,-31.34338125633269
MVI_63554,25,0,full,167,185,19,-0.7139976981977144,-0.0704731717295766,STRAIGHT,88.30180795927468,142.61121872354803,-54.30941076427335
MVI_63554,32,0,full,220,276,57,-0.4979550984227895,-0.021022057998773,STRAIGHT,507.4945920890063,562.2576947158358,-54.76310262682949
MVI_63554,36,0,full,255,303,49,-0.2550424387664455,0.1314840315572935,STRAIGHT,342.804979410149,390.73796916466216,-47.93298975451319
MVI_63554,43,0,full,312,366,55,-0.3183819549825063,0.0375565827188708,STRAIGHT,403.11656890243853,471.60047310369487,-68.48390420125634
MVI_63554,68,0,full,496,546,51,0.47101697154696,-0.0528085557151479,STRAIGHT,403.9529843520416,464.8513400568763,-60.89835570483473
MVI_63554,77,0,full,558,577,20,-0.698401417753239,0.0318418557090169,STRAIGHT,90.10897219276279,116.71401444093046,-26.605042248167663
MVI_63554,86,0,full,629,671,43,-0.4636730197195705,0.1551826457349435,STRAIGHT,276.56573158353274,375.4734313674491,-98.90769978391637
MVI_63554,92,0,full,662,675,14,-0.3007243770226715,0.6273097283996517,CASE_C,19.83215673315028,41.94824759684415,-22.116090863693866
MVI_63554,108,0,full,778,816,39,-1.5838546564230742,0.1030340159860188,STRAIGHT,297.5862437298827,530.2041194952261,-232.6178757653434
MVI_63554,124,0,full,894,917,24,-0.6173146462615643,0.005856573584348,STRAIGHT,86.60297234763512,138.72174351458867,-52.11877116695355
MVI_63554,124,1,full,923,941,19,0.0460342265337801,0.1907792458075078,STRAIGHT,68.50345170627261,75.47073932376176,-6.9672876174891485
MVI_63554,147,0,full,1119,1146,28,-0.4578809793163292,0.0114644226263074,STRAIGHT,157.26738696892065,198.91790767822587,-41.650520709305226
MVI_63554,155,0,full,1188,1206,19,-0.4300803297435931,0.0004042885922865,STRAIGHT,80.80098437312351,93.53026966363788,-12.729285290514369
MVI_63554,165,1,full,1255,1276,22,-0.4546512240705847,0.1980622387667132,STRAIGHT,79.20237003291483,89.93059151090549,-10.728221477990658
MVI_63554,171,0,full,1283,1315,33,-0.034616000348355,0.0754147732764107,STRAIGHT,267.8748202161542,299.46347603525504,-31.588655819100836
MVI_63554,177,0,full,1354,1366,13,-0.0394592727970296,-0.384151579149725,CASE_B,21.638911399968144,24.749161106384104,-3.11024970641596
MVI_63554,182,0,full,1387,1424,38,-0.7451020597996515,0.0875912783505485,STRAIGHT,345.9232244360931,436.7727047341867,-90.84948029809357
MVI_63561,17,1,full,95,107,13,-0.8101270693158954,-0.0239333462522839,STRAIGHT,38.855963423045004,38.99239427225435,-0.13643084920934712
MVI_63561,75,0,full,451,486,36,0.7946407914721159,-0.2872669323472893,CASE_C,205.3197647770595,221.17892741622913,-15.859162639169625
MVI_63561,80,1,full,494,503,10,-0.0631283119235303,1.2852660011735069,CASE_B,25.306124430286502,21.84566259375831,3.460461836528193
MVI_63561,80,2,full,511,525,15,-0.4205700726510741,-0.5519374235691374,CASE_A,76.7444913173158,73.10166573305784,3.642825584257963
MVI_63561,86,0,full,544,566,23,-0.8275702440875738,0.2188306258545312,STRAIGHT,75.70027936413837,102.63739403687252,-26.937114672734154
MVI_63561,116,1,full,804,822,19,0.241399025201635,0.0053440640637055,STRAIGHT,100.33429090723159,94.55919101318605,5.775099894045539
MVI_63561,141,2,full,974,993,20,0.0245177091420908,0.0304881955152625,STRAIGHT,127.99269066622219,126.24287880812174,1.7498118581004434
MVI_63561,152,0,full,1044,1058,15,0.058242905801438,0.0617317642461996,STRAIGHT,77.21881650861535,70.44117757564749,6.777638932967861
MVI_63561,154,0,full,1068,1078,11,-0.1346652396183202,-0.0510628009726668,STRAIGHT,48.34818606738895,45.099652891488795,3.2485331759001568
MVI_63561,158,1,full,1068,1100,33,0.2023154382935405,0.2122534913461609,STRAIGHT,198.90211448089693,191.62986059035524,7.272253890541691
MVI_63561,162,2,full,1114,1127,14,-0.0034280439931263,-0.07879187377713,STRAIGHT,72.5404608199118,66.0667479141604,6.473712905751398
MVI_63561,169,0,full,1174,1187,14,-0.187360402783957,0.569792094598596,CASE_B,58.057960030181135,54.157520886097736,3.9004391440834
MVI_63561,177,0,full,1218,1235,18,1.307296396818927,-0.1919163691718657,STRAIGHT,163.46812060641162,186.8109367169415,-23.342816110529895
MVI_63563,12,0,full,86,101,16,-0.0748325984844459,-0.1656384519083676,STRAIGHT,82.55908243292185,75.5260058454996,7.033076587422258
MVI_63563,23,0,full,159,176,18,-0.3846195470279731,0.1037969412947526,STRAIGHT,61.48926035360814,60.87871319907881,0.6105471545293284
MVI_63563,43,0,full,307,317,11,-0.1986646038736056,0.0060005821646161,STRAIGHT,54.58778857096125,49.7010219467771,4.886766624184155
MVI_63563,64,2,full,463,476,14,0.3408397011425113,-0.2450391476900081,STRAIGHT,62.38506147519489,59.70120557550114,2.6838558996937465
MVI_63563,98,1,full,725,745,21,0.0968065395600548,0.0384528424394837,STRAIGHT,131.0844361961702,123.6747391550803,7.409697041089899
MVI_63563,103,1,full,804,824,21,0.1704940705772384,0.1372776838163533,STRAIGHT,137.21432715214934,132.5728251603566,4.641501991792751
MVI_63563,116,0,full,935,948,14,-0.3061524373425938,-0.0146217320795657,STRAIGHT,88.96612052015429,85.87677021494041,3.089350305213884
MVI_63563,134,0,full,1097,1113,17,-0.4907265757126338,0.193941419809865,STRAIGHT,90.62281465036622,88.42099808957808,2.2018165607881457
MVI_63563,150,0,full,1198,1212,15,-0.3618992881533519,0.2154752839349259,STRAIGHT,95.43929586841952,90.60774793295802,4.831547935461501
MVI_63563,158,0,full,1269,1282,14,-0.1942930416236281,-0.0514744411922294,STRAIGHT,61.08240747355318,57.132757564799945,3.949649908753237
