video,track_id,seg_id,lvl,frame_start,frame_end,T_occ,omega_before,omega_during,occlusion_ratio_max,ob_deg,od_deg,case_0.1,case_0.25,case_0.5
MVI_40241,37,0,partial,198,217,20,-0.0005885628024498,-0.0027349221551936,0.2483803438269654,-0.03372216455876557,-0.15669949678941641,CASE_B,STRAIGHT,STRAIGHT
MVI_40241,43,0,partial,240,261,22,-0.0065841855423558,-0.0007291781424174,0.8946328613763583,-0.3772460431080423,-0.04177883007370629,STRAIGHT,STRAIGHT,STRAIGHT
MVI_40241,59,0,partial,401,431,31,-0.0007599329020396,-0.001836865537477,0.8456064542613224,-0.043540947999997706,-0.10524464283046164,CASE_B,STRAIGHT,STRAIGHT
MVI_40241,79,0,partial,567,586,20,-0.0082418079273404,-0.0106380250409358,0.8038793103448276,-0.47222080979406955,-0.6095139372001062,CASE_A,CASE_A,CASE_B
MVI_40241,84,0,partial,596,611,16,0.0056693153448814,-0.0107624587196291,0.7471874999999999,0.32482784199045894,-0.6166434618185193,CASE_C,CASE_C,CASE_B
MVI_40241,87,0,partial,594,611,18,0.0021529161248828,-0.0037573188107299,0.3095469255663429,0.1233530076014445,-0.21527851013993704,CASE_C,STRAIGHT,STRAIGHT
MVI_40241,110,0,partial,745,786,42,-0.0001194742561764,0.0018592319330088,0.6400070311126735,-0.006845370639372528,0.10652614289735406,CASE_B,STRAIGHT,STRAIGHT
MVI_40241,129,0,partial,928,945,18,-0.002496655731736,-0.0013414488423711,0.44874383440891,-0.14304783632561907,-0.07685935710057407,STRAIGHT,STRAIGHT,STRAIGHT
MVI_40241,133,0,partial,967,991,25,0.00159887569794,0.0032419506351329,0.8080976863753215,0.09160882945799585,0.18575008878287183,CASE_B,STRAIGHT,STRAIGHT
MVI_40241,149,0,partial,1068,1086,19,-0.0016527104611799,-0.0075631639330533,0.9999999999999998,-0.09469333418272816,-0.43333737312951837,CASE_B,CASE_B,STRAIGHT
MVI_40241,150,0,partial,1045,1086,42,-0.0046709697429317,0.0001080222329511,0.687755744412968,-0.2676268525032935,0.006189218041677041,STRAIGHT,STRAIGHT,STRAIGHT
MVI_40241,157,0,partial,1098,1121,24,-0.0014386881008914,0.0162885990219846,0.5843810873029928,-0.08243075621676879,0.933267978140638,CASE_B,CASE_B,CASE_B
MVI_40241,161,0,partial,1127,1151,25,0.0007879247197228,-0.0093174767489331,0.5417655702498023,0.04514476101414473,-0.533852093425142,CASE_B,CASE_B,CASE_B
MVI_40241,183,0,partial,1261,1301,41,0.0010366376823961,-0.0028995762938775,0.4587588825159667,0.059394964085519614,-0.16613348401536565,CASE_B,STRAIGHT,STRAIGHT
MVI_40241,189,0,partial,1288,1327,40,0.006139152214179,-0.0009862605917945,0.4835980056286794,0.35174751166085116,-0.05650856940989976,STRAIGHT,STRAIGHT,STRAIGHT
MVI_40241,193,1,partial,1305,1355,51,-0.0067961332123439,-0.0035326558539877,0.3619516772226126,-0.38938975007599197,-0.2024062709056788,CASE_A,STRAIGHT,STRAIGHT
MVI_40241,202,0,partial,1407,1416,10,-0.0043230912176869,-0.0328225905025074,0.8932816214187409,-0.2476948812235312,-1.880595908479854,CASE_A,CASE_B,CASE_B
MVI_40241,216,1,partial,1495,1526,32,-0.0003901957433392,-0.0025717380718475,0.2896990122579796,-0.022356569277306063,-0.14734973752997382,CASE_B,STRAIGHT,STRAIGHT
MVI_40241,223,1,partial,1544,1595,52,0.0087902489118183,-0.0003708218297957,0.392348635157686,0.5036441635166532,-0.021246525798612168,STRAIGHT,STRAIGHT,STRAIGHT
MVI_40241,228,1,partial,1593,1639,47,0.0020509479848756,0.0020579584760981,0.4726795328396153,0.11751066353423287,0.11791233509359564,CASE_A,STRAIGHT,STRAIGHT
MVI_40241,234,0,partial,1640,1666,27,-0.0021084521511622,-0.0020130119682259,0.5492031592117611,-0.12080540956687354,-0.11533708988866705,CASE_A,STRAIGHT,STRAIGHT
MVI_40241,235,1,partial,1644,1678,35,0.000727841918144,-0.0014620966992084,0.3261216439586963,0.041702270062357535,-0.08377197010464993,STRAIGHT,STRAIGHT,STRAIGHT
MVI_40241,241,0,partial,1691,1706,16,-0.0007078429101723,0.0092874678362503,0.4828781189481941,-0.040556411311130636,0.532132709380641,CASE_B,CASE_B,CASE_B
MVI_40241,243,0,partial,1671,1701,31,-0.0578055289510399,0.0005851866477768,1.0,-3.312012841415879,0.0335287251450193,STRAIGHT,STRAIGHT,STRAIGHT
MVI_40241,254,1,partial,1760,1799,40,-0.0087586129291513,-0.0006719876283275,0.2797866393824795,-0.501831555229085,-0.03850205498817155,STRAIGHT,STRAIGHT,STRAIGHT
MVI_40241,311,0,partial,2181,2206,26,-0.0023455204637657,-0.0017853472891762,0.9999999999999998,-0.13438842333534215,-0.10229286463491878,CASE_A,STRAIGHT,STRAIGHT
MVI_40241,324,3,partial,2260,2287,28,0.0012153808290186,-0.0021067139589813,0.2513821787172846,0.06963619200387691,-0.1207058184909253,CASE_B,STRAIGHT,STRAIGHT
MVI_40241,325,0,partial,2255,2291,37,-0.0018154277588992,-0.0008670969101095,0.6201354682916503,-0.10401634859581774,-0.04968099337810887,STRAIGHT,STRAIGHT,STRAIGHT
MVI_40241,335,1,partial,2303,2320,18,0.0194890905735705,0.0059463128918059,0.2028273394751798,1.1166426364137865,0.3406986323647098,CASE_A,CASE_A,STRAIGHT
MVI_40752,6,1,partial,79,127,49,0.0036050391093414,-5.12654576993516e-05,0.1943076304858838,0.20655352594486354,-0.002937294360979298,STRAIGHT,STRAIGHT,STRAIGHT
MVI_40752,9,0,partial,136,156,21,-0.012366835468544,0.0052230145851324,0.2562604531592959,-0.7085674782802631,0.29925669206335914,CASE_C,CASE_C,STRAIGHT
MVI_40752,17,0,partial,185,230,46,-0.0084454553958541,-0.0015716420025575,0.5683064896540504,-0.48388895024842793,-0.09004845365203369,STRAIGHT,STRAIGHT,STRAIGHT
MVI_40752,28,1,partial,204,230,27,-0.0050363549305811,0.0018027207807975,0.1949760534935718,-0.2885618816521997,0.10328829238022517,CASE_C,STRAIGHT,STRAIGHT
MVI_40752,28,2,partial,240,268,29,-0.0048631430567609,-0.0026171184942154,0.2024499897539744,-0.2786375723207497,-0.14994984420417556,CASE_A,STRAIGHT,STRAIGHT
MVI_40752,29,0,partial,206,266,61,0.015205005706153,6.579373638377866e-05,0.8618796304859373,0.8711826544349008,0.0037697034131868442,STRAIGHT,STRAIGHT,STRAIGHT
MVI_40752,36,2,partial,358,386,29,-0.0034318218786807,0.0031689652838039,0.9999999999999994,-0.19662890968906135,0.1815683361854406,CASE_C,STRAIGHT,STRAIGHT
MVI_40752,48,1,partial,447,461,15,0.0029756147580226,0.0089191430932398,0.3202809763361598,0.1704901670915367,0.5110292561158987,CASE_A,CASE_B,CASE_B
MVI_40752,60,1,partial,588,609,22,-0.0019199040276244,-0.0015303774214291,0.1393042316311874,-0.11000239785304633,-0.08768416731000118,STRAIGHT,STRAIGHT,STRAIGHT
MVI_40752,63,1,partial,596,626,31,0.0145446601919494,0.0030126209647727,0.1752412455718573,0.8333476434506384,0.17261046655410595,CASE_A,STRAIGHT,STRAIGHT
MVI_40752,68,0,partial,709,735,27,-0.0008535802944509,-0.0050802359777984,0.354932182826919,-0.048906548347570654,-0.2910760804583653,CASE_B,CASE_B,STRAIGHT
MVI_40752,69,2,partial,720,729,10,-0.0011467491737941,0.0011323846202805,1.0,-0.06570388781851608,0.06488085952759698,STRAIGHT,STRAIGHT,STRAIGHT
MVI_40752,71,0,partial,725,735,11,0.015529064964756,0.0091118060002374,0.2064354278482649,0.8897498822649913,0.5220680275555827,CASE_A,CASE_A,CASE_A
MVI_40752,78,1,partial,745,774,30,0.0095930555487773,0.0053673248919158,0.2335777126099708,0.5496415955794951,0.30752506358228604,CASE_A,CASE_A,STRAIGHT
MVI_40752,105,0,partial,1101,1136,36,0.0027188823104707,0.0003281289285509,0.2705784500948615,0.15578048138274908,0.018800402742116307,STRAIGHT,STRAIGHT,STRAIGHT
MVI_40752,112,0,partial,1166,1226,61,0.0009494076850504,-0.0009049367329081,0.7496798975672214,0.05439705339067362,-0.051849055521991566,STRAIGHT,STRAIGHT,STRAIGHT
MVI_40752,113,1,partial,1204,1226,23,-0.0051281714761007,0.0032933183701201,0.2063075792220239,-0.2938225821999436,0.18869324320078487,CASE_C,STRAIGHT,STRAIGHT
MVI_40752,138,0,partial,1441,1475,35,0.0216785104785937,-0.0005218964929227,0.8092363827132678,1.2420871565535494,-0.02990246638714995,STRAIGHT,STRAIGHT,STRAIGHT
MVI_40752,146,1,partial,1523,1591,69,-0.0103018380373934,0.0010784043653653,0.8196286472148533,-0.5902518407699769,0.06178801874391569,STRAIGHT,STRAIGHT,STRAIGHT
MVI_40752,148,1,partial,1534,1558,25,0.0047323267184576,-0.000276724355354,0.1607869179048726,0.2711423482446151,-0.015855137650262627,STRAIGHT,STRAIGHT,STRAIGHT
MVI_40752,149,0,partial,1566,1589,24,0.0013612656685664,0.0056209803952036,0.1581582618374143,0.07799477760490904,0.3220584533709438,CASE_B,CASE_B,STRAIGHT
MVI_40752,164,0,partial,1744,1781,38,0.0019080089610164,-0.0117634283225733,0.3246512237189705,0.10932086073938094,-0.6739947954881077,CASE_C,CASE_B,CASE_B
MVI_40752,174,0,partial,1806,1838,33,0.005850117081778,0.0002983572797454,0.2276374712414331,0.33518701844326887,0.01709461291641546,STRAIGHT,STRAIGHT,STRAIGHT
MVI_40752,175,0,partial,1840,1860,21,0.0167357559624804,-0.0081234087742544,0.2280693507788643,0.9588881836110298,-0.46543703802431846,CASE_C,CASE_C,STRAIGHT
MVI_40752,180,0,partial,1914,1936,23,0.0024505575785802,0.0035904279343891,0.2457339378902588,0.14040660670644406,0.2057163672863695,CASE_A,STRAIGHT,STRAIGHT
MVI_40752,181,1,partial,1848,1865,18,-0.0029791340029925,0.0079577375971297,0.2179666841036813,-0.1706918049753846,0.4559447787881088,CASE_C,CASE_B,STRAIGHT
MVI_40752,181,2,partial,1873,1885,13,0.0041491767663078,0.0087183744169437,0.2189131483031018,0.23773031716317564,0.49952605830570385,CASE_A,CASE_B,STRAIGHT
MVI_40752,182,0,partial,1875,1891,17,-0.0006155099716903,0.002444523615727,0.2472733266651618,-0.035266123626070976,0.14006088610121697,CASE_B,STRAIGHT,STRAIGHT
MVI_40752,187,2,partial,1919,1933,15,-0.0031360764652446,0.0075933797772237,0.2357597852084135,-0.17968394568882118,0.4350686134749073,CASE_C,CASE_B,STRAIGHT
MVI_40752,187,3,partial,1938,1959,22,0.0046073298294241,-0.0030582767781806,0.2333680614273364,0.2639805540507304,-0.17522635197261544,CASE_C,STRAIGHT,STRAIGHT
MVI_40992,2,0,partial,15,54,40,0.0011192296906461,0.0043686184578323,0.9855672761463888,0.06412713757975429,0.2503033999367412,CASE_B,CASE_B,STRAIGHT
MVI_40992,3,0,partial,54,81,28,-0.008578410471723,0.0008581701686783,0.9953633323198546,-0.4915067149605576,0.04916952876929654,STRAIGHT,STRAIGHT,STRAIGHT
MVI_40992,4,0,partial,146,184,39,0.0001957965906085,-0.0004758697745609,0.9863427082470182,0.01121831828491786,-0.027265329680181517,STRAIGHT,STRAIGHT,STRAIGHT
MVI_40992,5,0,partial,228,293,66,-0.0018614805896202,0.0007606782204166,0.997990817823424,-0.10665498143076146,0.04358365159739335,STRAIGHT,STRAIGHT,STRAIGHT
MVI_40992,7,0,partial,294,328,35,-0.0045217147004416,-0.0003130362794703,1.0,-0.259075168497565,-0.01793565764812593,STRAIGHT,STRAIGHT,STRAIGHT
MVI_40992,8,0,partial,322,396,75,-2.185971485593993e-05,-0.0026352948220115,0.998077333143791,-0.0012524694026047843,-0.15099127107393842,CASE_B,STRAIGHT,STRAIGHT
MVI_40992,10,0,partial,386,425,40,-0.0052678568839386,0.0050928419022979,0.9795071093841548,-0.3018259665286189,0.29179834672904725,CASE_C,CASE_C,STRAIGHT
MVI_40992,12,1,partial,524,563,40,-0.0037261163032395,0.0038376930981002,0.985761854062678,-0.21349073815051178,0.21988361758762687,CASE_C,STRAIGHT,STRAIGHT
MVI_40992,12,2,partial,575,609,35,-0.0037589529608118,0.0095879752130451,0.4996508606666183,-0.21537214004272087,0.5493505137835305,CASE_C,CASE_B,CASE_B
MVI_40992,18,1,partial,938,975,38,-0.0300887527856388,-0.0001400980040096,1.0,-1.7239585454296023,-0.008027024347956966,STRAIGHT,STRAIGHT,STRAIGHT
MVI_40992,19,0,partial,973,1012,40,0.0028693607759692,0.0068417114918198,0.9773141297583924,0.1644022623634181,0.39200119312742876,CASE_A,CASE_B,STRAIGHT
MVI_40992,21,1,partial,1025,1068,44,-0.0035263845320275,4.246308847974944e-05,0.9999999999999998,-0.20204695062539163,0.0024329557549802303,STRAIGHT,STRAIGHT,STRAIGHT
MVI_40992,21,2,partial,1084,1126,43,-0.0001073501346626,0.0228087284035474,0.3042101044864956,-0.006150709646328026,1.30684387358343,CASE_B,CASE_B,CASE_B
MVI_40992,23,0,partial,1123,1168,46,-0.0057075160271171,-0.0006546634922035,0.9889349930843704,-0.327016579857085,-0.03750945510455622,STRAIGHT,STRAIGHT,STRAIGHT
MVI_40992,25,0,partial,1195,1226,32,-0.0021829482823032,0.0001398849433425,0.9926372193873378,-0.12507372347130594,0.008014816870951893,STRAIGHT,STRAIGHT,STRAIGHT
MVI_40992,26,0,partial,1267,1305,39,-0.0019805677462135,-0.0008700790773948,0.9719820989850028,-0.1134781728977711,-0.049851858977358554,STRAIGHT,STRAIGHT,STRAIGHT
MVI_40992,27,0,partial,1310,1353,44,-0.0059904919683725,0.0026561453591526,0.99150537527076,-0.3432299069947613,0.15218591885270422,CASE_C,STRAIGHT,STRAIGHT
MVI_40992,30,0,partial,1457,1541,85,-0.0016372183924538,-0.0023447268254353,0.995638936888011,-0.09380570402879601,-0.13434295120855042,CASE_B,STRAIGHT,STRAIGHT
MVI_40992,36,1,partial,1769,1835,67,-0.0001832717220074,0.002950244522042,0.990922844175492,-0.010500696175118908,0.16903655964459738,CASE_B,STRAIGHT,STRAIGHT
MVI_40992,36,2,partial,1855,1901,47,-0.0234172720717028,0.0036815821392264,0.3398991749127442,-1.341710857418144,0.21093911850841776,CASE_C,STRAIGHT,STRAIGHT
MVI_40992,37,0,partial,1808,1898,91,-0.0380296919832598,0.0016917787929926,0.9989577487372726,-2.178940846823288,0.09693178470821255,STRAIGHT,STRAIGHT,STRAIGHT
MVI_40992,37,1,partial,1917,1951,35,-0.0179450508954434,-0.0024397182179571,0.4993877551020406,-1.0281756794563657,-0.1397855570901201,CASE_A,STRAIGHT,STRAIGHT
MVI_40992,40,0,partial,1928,1976,49,-0.0029087991092713,-0.000258816176342,0.9480796470616352,-0.16666191241265865,-0.014829074574110266,STRAIGHT,STRAIGHT,STRAIGHT
MVI_40992,43,0,partial,2100,2137,38,-0.0104028917455028,-0.0002499840228746,0.9936404023239503,-0.5960417917487925,-0.014323029456416411,STRAIGHT,STRAIGHT,STRAIGHT
MVI_40992,44,0,partial,2143,2160,18,-0.0118885776355362,-0.0241154974267956,0.4952679013466662,-0.6811653229298437,-1.3817162234139848,CASE_A,CASE_A,CASE_A
MVI_63552,31,0,partial,252,301,50,-0.0272216634553301,0.0007844474541936,0.3876859198187576,-1.559686427315924,0.044945528375075254,STRAIGHT,STRAIGHT,STRAIGHT
MVI_63552,32,0,partial,292,316,25,-0.0037672882992532,0.0029514950759648,0.419203595832293,-0.21584971975622624,0.16910821110642735,CASE_C,STRAIGHT,STRAIGHT
MVI_63552,37,0,partial,323,366,44,-0.0006886704672777,0.0006624954818012,0.5385686946243703,-0.039457911250314476,0.0379581950536948,STRAIGHT,STRAIGHT,STRAIGHT
MVI_63552,81,0,partial,712,731,20,-0.0041552661272012,0.0047615958699721,0.1627218934911243,-0.2380792118422994,0.2728193470963248,CASE_C,CASE_B,STRAIGHT
MVI_63553,29,0,partial,159,210,52,0.0049451845853383,-0.0004887342811618,0.4399346852115086,0.28333820565303663,-0.028002411613931275,STRAIGHT,STRAIGHT,STRAIGHT
MVI_63553,32,0,partial,189,226,38,-0.0011756772495226,-0.0002596496486893,0.18070567207725,-0.06736134446719397,-0.014876829021951418,STRAIGHT,STRAIGHT,STRAIGHT
MVI_63553,41,0,partial,263,306,44,-0.0017428499787647,0.0033701449842723,0.494757281553398,-0.09985794810768246,0.193095083945986,CASE_B,STRAIGHT,STRAIGHT
MVI_63553,60,1,partial,385,401,17,0.0026812889289769,-0.0005650096496724,0.190361296874958,0.1536265392855291,-0.03237266831039371,STRAIGHT,STRAIGHT,STRAIGHT
MVI_63553,74,0,partial,516,546,31,-0.0037034693566948,-0.0038795877936236,0.4127106988525447,-0.21219316369464208,-0.2222840068251033,CASE_A,STRAIGHT,STRAIGHT
MVI_63553,78,0,partial,556,571,16,-0.0010184651293954,-0.0051814055434023,0.4786119983736815,-0.0583537534956017,-0.2968726695826407,CASE_B,CASE_B,STRAIGHT
MVI_63553,83,0,partial,616,636,21,-0.00418526431765,-0.0035844416056443,0.3586396243740744,-0.23979798154804535,-0.2053733759145146,CASE_A,STRAIGHT,STRAIGHT
MVI_63553,102,0,partial,710,766,57,0.0022829452881981,-0.0021785163375574,0.444138501972901,0.13080312987302853,-0.12481979174233641,CASE_C,STRAIGHT,STRAIGHT
MVI_63553,120,0,partial,856,883,28,-0.0051878453979964,-0.0022053014532862,0.2940730099712689,-0.2972416460715605,-0.12635446582736612,CASE_A,STRAIGHT,STRAIGHT
MVI_63553,123,0,partial,894,938,45,0.0048731360178216,-0.0012004190288865,0.4423160475120379,0.2792101268143664,-0.0687789440023893,STRAIGHT,STRAIGHT,STRAIGHT
MVI_63553,134,0,partial,1001,1066,66,-0.0316803181182538,-0.0005508245004749,0.915496857608638,-1.815148521807777,-0.03155991912961358,STRAIGHT,STRAIGHT,STRAIGHT
MVI_63553,140,0,partial,1073,1106,34,-0.0048914404552559,0.0034783109033795,0.2895396418962668,-0.28025889382571306,0.19929253459798205,CASE_C,STRAIGHT,STRAIGHT
MVI_63553,149,0,partial,1111,1151,41,0.0283805934537303,-0.0002142297522477,0.4273874552646449,1.6260882249753588,-0.012274460649926471,STRAIGHT,STRAIGHT,STRAIGHT
MVI_63553,157,0,partial,1181,1201,21,-0.0039399242441809,0.0013236182027726,0.4461753545036944,-0.2257410307928364,0.07583773670556118,STRAIGHT,STRAIGHT,STRAIGHT
MVI_63553,166,0,partial,1233,1287,55,-0.0325864941949363,-0.0023957911809495,0.6208121827411172,-1.867068586497407,-0.1372687232630697,CASE_A,STRAIGHT,STRAIGHT
MVI_63553,166,1,partial,1298,1321,24,0.0038377866394343,-0.0004345917045007,0.4788933578919669,0.21988897711128083,-0.024900270479286734,STRAIGHT,STRAIGHT,STRAIGHT
MVI_63553,170,0,partial,1252,1323,72,-0.0085208237310973,-0.0002468335049764,0.5850176550700389,-0.4882072377667903,-0.014142518077569123,STRAIGHT,STRAIGHT,STRAIGHT
MVI_63553,172,1,partial,1313,1326,14,-0.0027549900553168,0.0062230341150518,0.2434174838305862,-0.15784930277016584,0.3565535905583973,CASE_C,CASE_B,STRAIGHT
MVI_63553,174,0,partial,1282,1324,43,0.0075580431601862,0.0012062040581244,0.5310943164379238,0.4330439744563884,0.06911040176208076,STRAIGHT,STRAIGHT,STRAIGHT
MVI_63553,174,1,partial,1328,1346,19,-0.006529611155799,0.0121203282783709,0.3278586812972529,-0.37411916108882215,0.6944436566637158,CASE_C,CASE_C,CASE_B
MVI_63554,15,0,partial,77,141,65,-0.0241234637335342,0.0005780794355293,0.4841777338227018,-1.3821726591684131,0.03312151187913386,STRAIGHT,STRAIGHT,STRAIGHT
MVI_63554,23,0,partial,156,200,45,0.0065015243242707,0.0010062914117744,0.4287197661186036,0.3725099041823556,0.05765625085493436,STRAIGHT,STRAIGHT,STRAIGHT
MVI_63554,33,0,partial,262,306,45,0.0037123509863678,0.0018201830660368,0.4291503014727336,0.21270204359010314,0.10428880762509064,CASE_A,STRAIGHT,STRAIGHT
MVI_63554,41,0,partial,357,381,25,-0.0131981578316448,0.0093823659215238,0.4275167785234898,-0.7561987411007811,0.5375699691506851,CASE_C,CASE_C,CASE_C
MVI_63554,49,0,partial,373,426,54,0.0057175664564607,-0.0047637848543549,0.3321544353870506,0.3275924270407677,-0.27294476666287937,CASE_C,CASE_C,STRAIGHT
MVI_63554,58,0,partial,426,446,21,0.0577067738232719,0.0009355409964411,0.3979402455818911,3.3063545893894974,0.0536025506575386,STRAIGHT,STRAIGHT,STRAIGHT
MVI_63554,62,1,partial,467,501,35,0.0043107027451652,-0.0011572803139129,0.3625498007968122,0.24698507403342398,-0.0663072777007842,STRAIGHT,STRAIGHT,STRAIGHT
MVI_63554,72,0,partial,602,621,20,-0.0125214719054858,-0.0090600872744688,0.6329298668624246,-0.7174274934759692,-0.5191047628472473,CASE_A,CASE_A,CASE_A
MVI_63554,87,0,partial,631,661,31,-0.0012937872319735,-0.0014058641593903,0.308204200898967,-0.07412854797999475,-0.08055008290177144,STRAIGHT,STRAIGHT,STRAIGHT
MVI_63554,90,0,partial,707,726,20,-0.0119330315918644,-0.0007203941773224,0.2935904013198499,-0.6837123470101084,-0.04127554594637256,STRAIGHT,STRAIGHT,STRAIGHT
MVI_63554,94,0,partial,701,726,26,-0.00128020416334,-0.0037593927949736,0.2946018893387312,-0.07335029547445866,-0.21539734068387767,CASE_B,STRAIGHT,STRAIGHT
MVI_63554,103,0,partial,785,801,17,-0.0121031823031364,-0.0025316314966002,0.2249227994441331,-0.6934612646471431,-0.1450518000375797,CASE_A,STRAIGHT,STRAIGHT
MVI_63554,126,0,partial,909,945,37,-0.0025124674653234,-0.0054013450785653,0.4751885988546975,-0.14395378192696234,-0.3094742766955498,CASE_A,CASE_B,STRAIGHT
MVI_63554,158,0,partial,1193,1246,54,-0.0170356026045626,-0.0008384086451146,0.4765793203770225,-0.9760681307035096,-0.048037276872348204,STRAIGHT,STRAIGHT,STRAIGHT
MVI_63561,10,0,partial,54,76,23,0.0002551240071645,-0.0039909605011705,0.840626003862816,0.014617528862991228,-0.2286651929204855,CASE_B,STRAIGHT,STRAIGHT
MVI_63561,15,0,partial,102,141,40,0.0045110080503287,-0.0025568569128723,0.2135063954909102,0.2584617226333726,-0.14649710992643164,CASE_C,STRAIGHT,STRAIGHT
MVI_63561,28,0,partial,172,196,25,-0.0204292105519328,0.0046416730970991,0.7191973107621829,-1.1705075434098766,0.265948278343196,CASE_C,CASE_C,STRAIGHT
MVI_63561,66,0,partial,387,407,21,0.0042781715446794,-0.0017975174716103,0.5139958527420744,0.24512117354309373,-0.10299016472429696,CASE_C,STRAIGHT,STRAIGHT
MVI_63561,84,0,partial,518,569,52,-0.0139794312209836,0.0022312630217277,0.4503571203256785,-0.8009624089557755,0.12784195412860413,CASE_C,STRAIGHT,STRAIGHT
MVI_63561,100,2,partial,656,679,24,0.0038796755233507,0.0011612577940448,0.1934369970990411,0.22228903336820396,0.06653517052543922,STRAIGHT,STRAIGHT,STRAIGHT
MVI_63561,102,1,partial,677,701,25,0.0029348689531691,0.0027769423570079,1.0,0.16815560444056749,0.15910707700766377,CASE_A,STRAIGHT,STRAIGHT
MVI_63561,107,1,partial,708,738,31,0.0028289476324985,0.0003922531605997,0.3936500874111838,0.1620867598056903,0.02247445060303008,STRAIGHT,STRAIGHT,STRAIGHT
MVI_63561,108,0,partial,673,732,60,-0.0121073597038763,-0.0011282318663629,0.3068141151383859,-0.6937006120788742,-0.06464292425476208,STRAIGHT,STRAIGHT,STRAIGHT
MVI_63561,118,0,partial,790,836,47,-0.0070004446939868,0.0002130199081909,0.6585574050362785,-0.40109593568019475,0.012205141691602845,STRAIGHT,STRAIGHT,STRAIGHT
MVI_63561,128,0,partial,875,891,17,-0.0002276839119557,0.0006941031624198,0.273099396153087,-0.013045327218089837,0.03976918175333803,STRAIGHT,STRAIGHT,STRAIGHT
MVI_63561,151,0,partial,1035,1071,37,-0.0006502343624834,-0.000285972165874,0.376963208521763,-0.03725568466467854,-0.016384998162795306,STRAIGHT,STRAIGHT,STRAIGHT
MVI_63561,176,1,partial,1212,1246,35,-0.0042553599843628,-0.0040301515973277,0.7085657791893141,-0.24381416741284442,-0.23091067732478446,CASE_A,STRAIGHT,STRAIGHT
MVI_63563,13,0,partial,92,115,24,-0.0077605116679495,0.0021018984396467,0.2623177227199695,-0.44464456543553726,0.1204299095568891,CASE_C,STRAIGHT,STRAIGHT
MVI_63563,16,1,partial,118,168,51,0.008273622910525,0.0001334858936426,0.5090879048248513,0.47404367405582687,0.007648178330253167,STRAIGHT,STRAIGHT,STRAIGHT
MVI_63563,36,0,partial,291,311,21,0.0035021422332593,0.0001173832090249,0.5421203849094027,0.2006579692202786,0.006725562462828726,STRAIGHT,STRAIGHT,STRAIGHT
MVI_63563,37,1,partial,253,262,10,0.0021811904288042,0.0053493609695061,0.189053214743504,0.12497300588481093,0.30649580664470977,CASE_A,CASE_B,STRAIGHT
MVI_63563,37,2,partial,276,299,24,0.0035143510333997,0.0028917380683698,0.4175700265692419,0.2013574819412422,0.16568438677490263,CASE_A,STRAIGHT,STRAIGHT
MVI_63563,40,1,partial,276,331,56,0.0046026253531979,0.0010342842299608,0.6404667910405053,0.2637110074181495,0.05926012119369214,STRAIGHT,STRAIGHT,STRAIGHT
MVI_63563,45,0,partial,343,356,14,-0.004128227045742,-0.0037786683821028,0.5101240153668998,-0.23652998659277688,-0.21650175047401754,CASE_A,STRAIGHT,STRAIGHT
MVI_63563,75,0,partial,540,574,35,-0.0108730589772274,-0.0005476798711398,0.2628280969808756,-0.6229803897919615,-0.03137974514057932,STRAIGHT,STRAIGHT,STRAIGHT
MVI_63563,90,0,partial,649,679,31,-0.0042460886602736,0.0001213446896081,0.3113957656759117,-0.2432829596720353,0.006952538580869109,STRAIGHT,STRAIGHT,STRAIGHT
MVI_63563,109,1,partial,887,930,44,0.0082178403320852,-0.0011765247002882,0.6744835680751176,0.47084756774086883,-0.06740989981940797,STRAIGHT,STRAIGHT,STRAIGHT
MVI_63563,111,0,partial,889,920,32,-0.0011876675872946,-0.0009431164888259,0.2752055800807465,-0.06804834021646586,-0.05403659439892114,STRAIGHT,STRAIGHT,STRAIGHT
MVI_63563,115,0,partial,937,958,22,-0.0061345011362448,-0.0017684040716233,0.290246705900422,-0.35148102452503505,-0.10132208977776565,CASE_A,STRAIGHT,STRAIGHT
MVI_63563,117,0,partial,984,1002,19,-0.0040197102917265,-0.0016839708016275,0.2601786707028289,-0.23031243458122935,-0.09648441975651773,STRAIGHT,STRAIGHT,STRAIGHT
MVI_63563,128,0,partial,1124,1136,13,-0.0058767999974101,0.0006449268424827,0.5214771672769669,-0.33671583689409185,0.036951586168957155,STRAIGHT,STRAIGHT,STRAIGHT
MVI_63563,132,0,partial,1098,1107,10,-0.0073128273516791,0.0108404057009231,0.4669037690497336,-0.4189941435590434,0.6211094948724506,CASE_C,CASE_C,CASE_B
MVI_63563,132,1,partial,1143,1166,24,-0.0006303721032994,0.0001309917384305,0.6594213738103972,-0.036117661041840374,0.00750527376314928,STRAIGHT,STRAIGHT,STRAIGHT
MVI_63563,137,0,partial,1108,1136,29,0.004174315727223,-0.0029402307339854,0.8086104595004828,0.2391706735249609,-0.1684628118520157,CASE_C,STRAIGHT,STRAIGHT
MVI_63563,139,1,partial,1149,1190,42,0.0067906268603508,-0.0020030263909076,0.7255195797950442,0.38907425934627393,-0.11476495845232688,CASE_C,STRAIGHT,STRAIGHT
MVI_63563,142,1,partial,1141,1168,28,-0.0025794027199839,0.0010807312966851,0.4089786964943093,-0.14778888951964236,0.06192134208775705,STRAIGHT,STRAIGHT,STRAIGHT
MVI_63563,143,1,partial,1134,1170,37,-0.0007107945082268,0.0017973951419722,0.4897000047225077,-0.040725525422472514,0.10298315575232447,CASE_B,STRAIGHT,STRAIGHT
MVI_63563,145,0,partial,1160,1178,19,0.0078396834074447,0.0055988297811974,0.478749634383794,0.4491807719653214,0.3207893166747652,CASE_A,CASE_A,STRAIGHT
MVI_63563,148,0,partial,1198,1227,30,0.005388338309141,0.0005102632036931,0.4459954233409609,0.30872904370243753,0.02923592801243887,STRAIGHT,STRAIGHT,STRAIGHT
MVI_63563,171,0,partial,1332,1343,12,0.0051318334666843,-0.0120311275107182,0.4214215676047816,0.2940323988050006,-0.689332829147889,CASE_C,CASE_C,CASE_B
MVI_40752,34,4,full,317,328,12,-0.00368554237897,0.0053642758039113,0.9535434334912414,-0.211166023531586,0.3073503637082643,CASE_C,CASE_B,STRAIGHT
MVI_40752,76,1,full,774,804,31,-0.0036666094623661,-0.0010021008190343,1.0,-0.2100812473163094,-0.057416147577268456,STRAIGHT,STRAIGHT,STRAIGHT
MVI_40752,83,1,full,858,876,19,-0.0013773483053433,0.0118728625487462,1.0,-0.0789162448156673,0.6802649147820948,CASE_B,CASE_B,CASE_B
MVI_40752,99,1,full,1046,1067,22,-0.0037095817197888,-0.0008300459496384,0.994462609625866,-0.21254337630277984,-0.0475581297162088,STRAIGHT,STRAIGHT,STRAIGHT
MVI_40992,5,0,full,247,260,14,-0.0243439847710784,0.0422820093199977,0.997990817823424,-1.3948075839135419,2.42258068336868,CASE_C,CASE_C,CASE_C
MVI_40992,6,0,full,256,275,20,-0.0018878831724552,0.004483181787741,1.0,-0.10816773799545151,0.2568673952274746,CASE_C,CASE_B,STRAIGHT
MVI_40992,9,0,full,347,368,22,0.0031615825859432,0.001372710772022,1.0,0.18114533875660221,0.07865053372900553,STRAIGHT,STRAIGHT,STRAIGHT
MVI_40992,11,0,full,521,536,16,0.0012406381527798,0.0152789960551963,0.9994046201476542,0.07108333005718916,0.8754219891597818,CASE_B,CASE_B,CASE_B
MVI_40992,13,0,full,564,581,18,-0.0071938022854043,0.0078371496645208,1.0,-0.4121745096052325,0.44903559918941083,CASE_C,CASE_C,STRAIGHT
MVI_40992,14,0,full,613,633,21,-0.0048707891268413,0.0040435697374824,1.0,-0.2790756598662179,0.23167948012456377,CASE_C,STRAIGHT,STRAIGHT
MVI_40992,15,0,full,726,746,21,-0.0075582938080399,0.0141759015275755,1.0,-0.4330583355205495,0.8122193283231327,CASE_C,CASE_C,CASE_B
MVI_40992,16,0,full,812,832,21,0.0004347372908008,0.0040217511664105,0.9999999999999996,0.024908611959837387,0.23042936808713763,CASE_B,STRAIGHT,STRAIGHT
MVI_40992,17,0,full,870,889,20,0.0076278567400443,0.0122771699127431,0.9984502446982052,0.43704399793495713,0.7034300203651769,CASE_A,CASE_A,CASE_B
MVI_40992,18,0,full,955,975,21,-0.0035345942394006,0.0063546590513053,1.0,-0.2025173322089077,0.36409514388440134,CASE_C,CASE_B,STRAIGHT
MVI_40992,20,0,full,1017,1033,17,-0.0055639026055872,0.0063885857618068,0.9993239588967004,-0.31878813692198843,0.3660390012088995,CASE_C,CASE_C,STRAIGHT
MVI_40992,22,0,full,1065,1084,20,-0.0102230895510802,0.0041009040593914,0.9986855827812808,-0.5857398848611869,0.23496449479119388,CASE_C,STRAIGHT,STRAIGHT
MVI_40992,24,0,full,1166,1184,19,-0.0060911152988507,0.0059319208597169,1.0,-0.34899519915171223,0.3398740296673933,CASE_C,CASE_C,STRAIGHT
MVI_40992,28,0,full,1381,1401,21,0.0039670251908287,0.0102592338332665,0.9999999999999998,0.22729380065656452,0.5878107996839917,CASE_A,CASE_B,CASE_B
MVI_40992,29,0,full,1428,1450,23,0.0029793681322259,0.0005955574759488,1.0,0.17070521959231907,0.034122929829330274,STRAIGHT,STRAIGHT,STRAIGHT
MVI_40992,31,0,full,1487,1508,22,0.0077054638081438,0.0152312565520534,1.0,0.44149055539744286,0.8726867171136421,CASE_A,CASE_A,CASE_B
MVI_40992,32,0,full,1618,1631,14,0.0035326610119849,0.0147355502404652,1.0,0.2024065664371491,0.8442848375816413,CASE_A,CASE_B,CASE_B
MVI_40992,34,0,full,1722,1741,20,-0.0083165398288138,0.011914931619631,1.0,-0.4765026323434829,0.6826752949918306,CASE_C,CASE_C,CASE_B
MVI_40992,35,0,full,1759,1780,22,-0.0050490453796708,0.0063436089934528,0.9999999999999998,-0.2892889908251652,0.3634620222060777,CASE_C,CASE_C,STRAIGHT
MVI_40992,37,0,full,1848,1859,12,0.0085620969987328,-0.0843324815470223,0.9989577487372726,0.4905720218090184,-4.831895268509274,CASE_C,CASE_C,CASE_B
MVI_40992,38,0,full,1834,1856,23,-0.0011465515659693,0.013384346111919,1.0,-0.06569256572415628,0.7668665437552917,CASE_B,CASE_B,CASE_B
MVI_40992,39,0,full,1897,1926,30,-6.621199915078016e-05,0.0113926841375759,1.0,-0.003793668104463494,0.6527527184087393,CASE_B,CASE_B,CASE_B
MVI_40992,41,0,full,2024,2042,19,0.0004529669429434,0.0092410867058243,0.9974738361602308,0.02595309408959999,0.5294752663581854,CASE_B,CASE_B,CASE_B
MVI_40992,42,0,full,2076,2096,21,0.0055897873694757,0.0112375170011872,0.9999999999999998,0.3202712246464921,0.6438622963745358,CASE_A,CASE_A,CASE_B
MVI_63552,48,0,full,468,479,12,-0.0139394740911317,0.0179703541075154,0.9795384470801975,-0.7986730340538055,1.0296254467162156,CASE_C,CASE_C,CASE_C
MVI_63552,52,0,full,495,505,11,-0.0100247342176523,0.0113090321221356,0.9865864476227418,-0.574374961411858,0.6479598109762469,CASE_C,CASE_C,CASE_C
MVI_63552,138,0,full,1070,1086,17,0.0107877734817083,0.0015024083188717,1.0,0.6180938908450352,0.0860816557766936,STRAIGHT,STRAIGHT,STRAIGHT
MVI_63553,51,1,full,330,353,24,0.0011957756119762,0.0104037865420766,0.999124854142357,0.06851289581090944,0.596093059815994,CASE_B,CASE_B,CASE_B
MVI_63553,64,0,full,421,437,17,-0.010302408245157,0.011397330557511,0.9934479934479932,-0.5902845112682769,0.6530189386608659,CASE_C,CASE_C,CASE_C
MVI_63553,67,0,full,426,439,14,-0.0236259738316923,-0.0045419479083725,0.966386554621849,-1.3536685874424947,-0.2602344459180162,CASE_A,CASE_A,STRAIGHT
MVI_63553,96,1,full,683,692,10,-0.0071994850287252,-0.0003884043829341,0.9341317365269464,-0.41250010681357624,-0.022253931886506987,STRAIGHT,STRAIGHT,STRAIGHT
MVI_63553,129,0,full,940,953,14,-0.0075107290947764,0.0113968720650133,1.0,-0.430333078196801,0.6529926689758092,CASE_C,CASE_C,CASE_B
MVI_63553,145,0,full,1069,1095,27,-0.0059592028850521,0.0015395030132655,0.9775325977933804,-0.3414371745756692,0.08820702520778594,STRAIGHT,STRAIGHT,STRAIGHT
MVI_63554,9,0,full,24,58,35,0.0001465724754039,0.0004050110964869,0.9984224018931176,0.008397984233428538,0.023205426484665132,STRAIGHT,STRAIGHT,STRAIGHT
MVI_63554,25,0,full,167,185,19,-0.0124616106852109,-0.0012299888810045,1.0,-0.7139976981977144,-0.07047317172957668,STRAIGHT,STRAIGHT,STRAIGHT
MVI_63554,32,0,full,220,276,57,-0.0086909559945701,-0.0003669041276238,0.9999999999999998,-0.49795509842278957,-0.021022057998773064,STRAIGHT,STRAIGHT,STRAIGHT
MVI_63554,36,0,full,255,303,49,-0.0044513302887905,0.0022948292644709,1.0,-0.25504243876644556,0.13148403155729357,CASE_C,STRAIGHT,STRAIGHT
MVI_63554,43,0,full,312,366,55,-0.0055568133933811,0.0006554860242419,0.9999999999999998,-0.3183819549825063,0.037556582718870836,STRAIGHT,STRAIGHT,STRAIGHT
MVI_63554,68,0,full,496,546,51,0.0082207969862669,-0.0009216831704522,1.0,0.47101697154696,-0.05280855571514792,STRAIGHT,STRAIGHT,STRAIGHT
MVI_63554,77,0,full,558,577,20,-0.0121894042403904,0.0005557452220673,0.9652985552541984,-0.698401417753239,0.03184185570901699,STRAIGHT,STRAIGHT,STRAIGHT
MVI_63554,86,0,full,629,671,43,-0.0080926208467711,0.0027084481100307,0.9999999999999994,-0.4636730197195705,0.1551826457349435,CASE_C,STRAIGHT,STRAIGHT
MVI_63554,92,0,full,662,675,14,-0.0052486305200544,0.0109486201903653,0.9977553991749576,-0.3007243770226715,0.6273097283996517,CASE_C,CASE_C,CASE_B
MVI_63554,108,0,full,778,816,39,-0.0276434786276262,0.0017982828205085,1.0,-1.5838546564230742,0.1030340159860188,CASE_C,STRAIGHT,STRAIGHT
MVI_63554,124,0,full,894,917,24,-0.0107741730980484,0.0001022164919322,0.9911835026897786,-0.6173146462615643,0.005856573584348089,STRAIGHT,STRAIGHT,STRAIGHT
MVI_63554,124,1,full,923,941,19,0.0008034488216234,0.0033297259838126,0.9761066982479202,0.046034226533780136,0.19077924580750785,CASE_B,STRAIGHT,STRAIGHT
MVI_63554,147,0,full,1119,1146,28,-0.007991530671326,0.0002000919216692,1.0,-0.45788097931632926,0.011464422626307423,STRAIGHT,STRAIGHT,STRAIGHT
MVI_63554,155,0,full,1188,1206,19,-0.0075063178020886,7.056167063653381e-06,0.99751166407465,-0.4300803297435931,0.0004042885922865576,STRAIGHT,STRAIGHT,STRAIGHT
MVI_63554,165,1,full,1255,1276,22,-0.0079351608082542,0.0034568381903503,1.0,-0.4546512240705847,0.19806223876671328,CASE_C,STRAIGHT,STRAIGHT
MVI_63554,171,0,full,1283,1315,33,-0.0006041631799503,0.0013162360983184,0.9976503158550312,-0.03461600034835507,0.07541477327641079,STRAIGHT,STRAIGHT,STRAIGHT
MVI_63554,177,0,full,1354,1366,13,-0.0006886942307508,-0.0067047098828983,0.9930702932132186,-0.039459272797029675,-0.38415157914972503,CASE_B,CASE_B,STRAIGHT
MVI_63554,182,0,full,1387,1424,38,-0.0130044842068956,0.0015287562032479,1.0,-0.7451020597996515,0.08759127835054856,STRAIGHT,STRAIGHT,STRAIGHT
MVI_63561,17,1,full,95,107,13,-0.0141393847190947,-0.0004177156931222,0.964109653830062,-0.8101270693158954,-0.02393334625228393,STRAIGHT,STRAIGHT,STRAIGHT
MVI_63561,75,0,full,451,486,36,0.0138690981818421,-0.005013753801564,1.0,0.7946407914721159,-0.2872669323472893,CASE_C,CASE_C,STRAIGHT
MVI_63561,80,1,full,494,503,10,-0.0011017968942916,0.022432123484419,0.9485530546623788,-0.06312831192353038,1.2852660011735069,CASE_B,CASE_B,CASE_B
MVI_63561,80,2,full,511,525,15,-0.007340332503113,-0.009633125306256,1.0,-0.4205700726510741,-0.5519374235691374,CASE_A,CASE_A,CASE_B
MVI_63561,86,0,full,544,566,23,-0.0144438255508613,0.0038193149253614,0.9735612788436468,-0.8275702440875738,0.21883062585453122,CASE_C,STRAIGHT,STRAIGHT
MVI_63561,116,1,full,804,822,19,0.0042132078008733,9.327151334916904e-05,0.9946288279621612,0.24139902520163506,0.0053440640637055035,STRAIGHT,STRAIGHT,STRAIGHT
MVI_63561,141,2,full,974,993,20,0.0004279147495758,0.0005321193947331,0.988054116292458,0.024517709142090876,0.030488195515262516,STRAIGHT,STRAIGHT,STRAIGHT
MVI_63561,152,0,full,1044,1058,15,0.001016530472164,0.0010774225391611,0.9921929802390558,0.05824290580143801,0.061731764246199694,STRAIGHT,STRAIGHT,STRAIGHT
MVI_63561,154,0,full,1068,1078,11,-0.0023503518193268,-0.0008912140022636,0.9616109207365826,-0.13466523961832025,-0.051062800972666876,STRAIGHT,STRAIGHT,STRAIGHT
MVI_63561,158,1,full,1068,1100,33,0.0035310705258377,0.0037045222728438,0.9825080503035752,0.2023154382935405,0.21225349134616098,CASE_A,STRAIGHT,STRAIGHT
MVI_63561,162,2,full,1114,1127,14,-5.983065458326952e-05,-0.0013751776212267,0.9912817717156366,-0.003428043993126399,-0.07879187377713004,STRAIGHT,STRAIGHT,STRAIGHT
MVI_63561,169,0,full,1174,1187,14,-0.0032700559164428,0.0099447481025805,0.957960870431432,-0.18736040278395702,0.569792094598596,CASE_C,CASE_B,CASE_B
MVI_63561,177,0,full,1218,1235,18,0.0228166264239486,-0.003349572530522,1.0,1.307296396818927,-0.19191636917186572,CASE_C,STRAIGHT,STRAIGHT
MVI_63563,12,0,full,86,101,16,-0.0013060752313765,-0.0028909363537073,0.9571014420909436,-0.07483259848444593,-0.16563845190836765,CASE_B,STRAIGHT,STRAIGHT
MVI_63563,23,0,full,159,176,18,-0.0067128774631673,0.0018115983790927,0.9673074433677312,-0.3846195470279731,0.10379694129475266,CASE_C,STRAIGHT,STRAIGHT
MVI_63563,43,0,full,307,317,11,-0.0034673514447647,0.000104729915809,0.9618259901383808,-0.19866460387360568,0.006000582164616138,STRAIGHT,STRAIGHT,STRAIGHT
MVI_63563,64,2,full,463,476,14,0.0059487750064503,-0.0042767399234713,0.9437911498118908,0.3408397011425113,-0.24503914769000817,CASE_C,STRAIGHT,STRAIGHT
MVI_63563,98,1,full,725,745,21,0.0016895928527851,0.0006711287073196,0.9985218033998524,0.09680653956005486,0.03845284243948376,STRAIGHT,STRAIGHT,STRAIGHT
MVI_63563,103,1,full,804,824,21,0.0029756828867004,0.0023959475721071,0.9936790593352824,0.17049407057723845,0.1372776838163533,CASE_A,STRAIGHT,STRAIGHT
MVI_63563,116,0,full,935,948,14,-0.0053433680446339,-0.0002551973671329,0.9938409023449096,-0.3061524373425938,-0.01462173207956576,STRAIGHT,STRAIGHT,STRAIGHT
MVI_63563,134,0,full,1097,1113,17,-0.0085647944732227,0.0033849163316747,0.999137336093858,-0.49072657571263384,0.19394141980986504,CASE_C,STRAIGHT,STRAIGHT
MVI_63563,150,0,full,1198,1212,15,-0.0063163341388997,0.0037607531613341,0.9952810711968384,-0.3618992881533519,0.2154752839349259,CASE_C,STRAIGHT,STRAIGHT
MVI_63563,158,0,full,1269,1282,14,-0.0033910532900467,-0.0008983984794286,0.9953793103448272,-0.19429304162362812,-0.05147444119222949,STRAIGHT,STRAIGHT,STRAIGHT
