video,HOTA,DetA,AssA,MOTA,MOTP,FP,FN,IDSW,GT_dets,IDF1,IDP,IDR
MVI_20011,0.5308376797353117,0.5067015149589511,0.557171704741293,0.6020901371652515,0.8111509095121006,267,2765,14,7655,0.738682485170153,0.9175877448128757,0.6181580666231221
MVI_20012,0.5569014059493426,0.5519975221123764,0.5628265334965503,0.6527648698884758,0.798275019496048,858,2097,34,8608,0.752707016335983,0.8159858868231782,0.6985362453531598
MVI_20032,0.5780405937067795,0.5235771017961008,0.638632669748028,0.5793602896801449,0.7808947094765947,322,375,0,1657,0.786261882858019,0.7992518703241895,0.7736873868436934
MVI_20033,0.5924302228758446,0.5631084577907135,0.6240132536874767,0.6594615092908608,0.8143844014141574,404,1386,6,5274,0.8070248797825632,0.8993476234855545,0.7318923018581721
MVI_20034,0.5632774292713312,0.5701450185978686,0.5570567171542039,0.6378095429836924,0.8426813237443435,657,2902,39,9934,0.7192872950122,0.8242944466120432,0.6380108717535736
MVI_20035,0.6768812820636964,0.6522179761147245,0.7027661975169848,0.7384226064951497,0.8460751014981038,1429,1656,16,11855,0.861900097943193,0.8703130374957,0.8536482496836778
MVI_20051,0.6523598937321596,0.6413699595236576,0.6639380595952801,0.7196104768300873,0.8585466221564849,914,1568,23,8934,0.8091088648774254,0.8410628019323672,0.779494067606895
MVI_20052,0.6856735227658227,0.6591509082402824,0.7140744742730215,0.7433903576982893,0.8479602506568843,922,1175,48,8359,0.839356210142727,0.8524549716259561,0.8266539059696136
MVI_20061,0.5582717993116193,0.5420146619048847,0.575826827249349,0.6227312013828867,0.8382008177585754,550,2904,38,9256,0.7012006436440154,0.8207765864966676,0.6120354364736387
MVI_20062,0.5881059188889625,0.5150127151798706,0.6724275468009094,0.4045271178843568,0.8461914708830289,2079,551,27,4462,0.7074244163796403,0.617195325542571,0.8285522187359928
MVI_20063,0.5409758612295151,0.5126814739430181,0.5715863412265693,0.5804130162703379,0.8215084589149233,531,2128,23,6392,0.7211942433181371,0.8412930135557872,0.6311013767209012
MVI_20064,0.4380169187414751,0.4147037847793224,0.4631775853235691,0.47955442752397065,0.8390670935919052,268,7082,32,14184,0.6128792799480375,0.8962008141112618,0.46566553863508175
MVI_20065,0.6177901140130536,0.5987111805342122,0.6390790886464565,0.6941011890883656,0.8398336296111824,1128,4075,45,17156,0.8035070938944684,0.886832289394046,0.7344952203310795
MVI_39761,0.6772325981469828,0.6433243166438064,0.7138043567154589,0.7568585260892953,0.8155637236804906,513,384,7,3718,0.8764044943820225,0.8617104237067845,0.8916083916083916
MVI_39771,0.49895433230657116,0.4694141921762028,0.534580452613861,0.5361997226074896,0.7841932484925245,410,1247,15,3605,0.6932370939902714,0.7980491329479769,0.6127600554785021
MVI_39781,0.5485885545368678,0.5405650112937809,0.5588548808948437,0.5200732313325487,0.8314605101950563,1918,1669,83,7647,0.6667953419545776,0.6562816616008106,0.6776513665489734
MVI_39801,0.4665403859697645,0.41698216208308964,0.5263364864502595,0.49165464661034414,0.7911228885260931,205,2220,42,4853,0.634247822129762,0.8594080338266384,0.502575726354832
MVI_39811,0.5540900694544383,0.4883518901236171,0.6299404812567895,0.46243739565943237,0.8226142979644632,183,136,3,599,0.714859437751004,0.6888544891640866,0.7429048414023373
MVI_39821,0.5066668249425831,0.47260512126143,0.5458452823600041,0.47723480333730633,0.8196020952183698,801,1361,31,4195,0.6666666666666666,0.7180192572214581,0.6221692491060786
MVI_39851,0.5152220057503488,0.47620492419688465,0.5584536415284002,0.5396020288724152,0.8376888782845322,226,2115,19,5126,0.6995097453067081,0.9036144578313253,0.5706203667577058
MVI_39861,0.4473250058947747,0.4110248492823898,0.488181545837085,0.4828738512949039,0.8279747349000807,45,1185,8,2394,0.6425438596491229,0.9346092503987241,0.48955722639933164
MVI_39931,0.5927226124936924,0.4966446685335779,0.7114565128087282,0.4034596794708726,0.8355135792485601,1582,754,9,3931,0.7118527042577676,0.6499264551376339,0.7868226914271178
MVI_40131,0.6599964608164043,0.6753982744673059,0.6464303083157258,0.7837379274340903,0.8299872990837269,1319,1947,48,15324,0.8019320453031312,0.8190664126292869,0.785499869485774
MVI_40141,0.6406723129581067,0.6188597591567544,0.6664804588777037,0.785760205721633,0.7844872273000736,577,737,19,6222,0.8469553891240639,0.8581326294952161,0.8360655737704918
MVI_40152,0.5136278393516895,0.4954901841242626,0.5356539906727145,0.4832501781895937,0.7669002083568857,1379,1495,26,5612,0.6825711199135758,0.6897743813682679,0.6755167498218104
MVI_40161,0.685602438630733,0.6566300845258335,0.7187478702276177,0.7566792452830189,0.8375259105282643,901,697,14,6625,0.8602646053218374,0.8474154341777713,0.8735094339622641
MVI_40162,0.6766261532785516,0.6600248733923109,0.6952029113631044,0.7414972027351034,0.847918738112925,1303,1558,50,11261,0.8275025822966722,0.8370888606214792,0.8181333806944321
MVI_40171,0.48743688625554576,0.3975061962022464,0.6001598128766038,0.39941756272401435,0.8110811015963438,880,4427,55,8928,0.5713886365224684,0.7597100910611411,0.4578853046594982
MVI_40172,0.4363483528944675,0.39396584374890614,0.4834464698251328,0.4297762098996803,0.8382579453738647,783,9499,63,18142,0.4824434126523506,0.7054954381497984,0.3665527505236468
MVI_40181,0.6278639403265996,0.6243848593760802,0.6330055609702528,0.7328747894441325,0.8218876448392097,962,911,30,7124,0.7891460941324568,0.7863414634146342,0.791970802919708
MVI_40191,0.693313173551108,0.6869839402172961,0.7012071197940194,0.8138329730996589,0.8173476239788061,2360,4721,68,38401,0.8935667172660228,0.9228357380688125,0.8660972370511184
MVI_40192,0.6795341660138661,0.6715271102842767,0.6892979314571079,0.8122981939467054,0.7932987088297243,2926,2275,89,28183,0.8939088342073417,0.8838177151973364,0.9042330482915233
MVI_40201,0.6767961056287725,0.647175931645776,0.7103644721720714,0.7575286041189931,0.8212478468558462,882,1723,44,10925,0.857251654053025,0.8929988099960333,0.8242562929061785
MVI_40204,0.6204796603547788,0.589563205956421,0.655101776007122,0.7075530586766542,0.8166122039056687,976,5492,91,22428,0.8090728805156172,0.9110652076820009,0.7276172641341181
MVI_40211,0.5704690019343851,0.5321223117969827,0.6152459627019403,0.6125943122460824,0.7699981505901482,752,1874,44,6892,0.7736534512715211,0.8488734835355286,0.7106790481717934
MVI_40212,0.5689724196769939,0.5318157202408608,0.6131022498448868,0.5915725345856073,0.7691320549931239,839,2320,59,7879,0.7596834068781957,0.8476086276961551,0.6882853153953548
MVI_40213,0.5355412895899788,0.49013944347275507,0.5903917252739002,0.5519345624513113,0.754337029289891,808,2593,50,7702,0.7217857405095822,0.8306574277505493,0.6381459361204882
MVI_40241,0.635652604096826,0.6273274831652754,0.6460004567556131,0.7189769054199653,0.8024301446751155,1953,3949,97,21347,0.8338984716693695,0.8769055862746111,0.7949126340937837
MVI_40243,0.6475057932650088,0.6381004464179924,0.6596870937366411,0.7428896473265074,0.8038223031459155,1162,1502,48,10548,0.8499710926960878,0.8641261755485894,0.8362722791050436
MVI_40244,0.6299287216535333,0.6237366758405357,0.6384363713454714,0.7231869254341164,0.7907708952183025,980,1418,41,8811,0.8382216014897579,0.8601457064373582,0.8173873567131994
MVI_40732,0.6560751889895219,0.6668717256185871,0.6467225813148927,0.7717164697706741,0.8219677548156178,1752,830,46,11512,0.7829282552409588,0.7539005951423516,0.8142807505211953
MVI_40751,0.6131200207307712,0.5971016475251043,0.6422446497493745,0.723395613322502,0.792045047206243,802,1220,21,7386,0.7249547164553435,0.746699196326062,0.7044408340102898
MVI_40752,0.5408135881253934,0.4662548628523531,0.6288193441698556,0.5167339188226917,0.823501720829442,904,7183,57,16852,0.6818596171376481,0.88432800529651,0.5548302872062664
MVI_40871,0.6733244405727086,0.5836971767314781,0.7858191988102073,0.6665665529010238,0.8532834781402332,1284,10887,41,36625,0.773453579901645,0.9108874250610614,0.6720546075085324
MVI_40962,0.6564242698658191,0.6454656356194522,0.6690081628100933,0.716490765171504,0.8087977789411956,755,1375,19,7580,0.8456671251719394,0.8833333333333333,0.8110817941952506
MVI_40963,0.5573151469607837,0.5293557013349127,0.5909347824163085,0.6713635192026807,0.7405778182943409,719,3068,38,11639,0.8084476085813942,0.9106566200215285,0.7268665692928946
MVI_40981,0.6244154302139548,0.6105309451683144,0.641986048679028,0.7925403420620349,0.7412807659097758,837,1266,44,10349,0.8775963293699739,0.8965725806451613,0.8594067059619287
MVI_40991,0.308334000191712,0.3903685825051162,0.24545809764642118,0.4678714859437751,0.7265943925142931,317,2032,36,4482,0.43647399641329837,0.5717383447777377,0.35296742525658187
MVI_40992,0.3183129035690479,0.3982343670349908,0.2572865627280064,0.39885420782299486,0.7462140303849902,647,2341,55,5062,0.4111506524317912,0.5145486935866983,0.3423548004741209
MVI_41063,0.5893480849826886,0.5438069361819832,0.6416113829673064,0.6229100318471338,0.8036330891496041,665,3077,47,10048,0.7581995023750283,0.8779465688842326,0.6671974522292994
MVI_41073,0.6476512565387077,0.6172536022487707,0.6827294761629477,0.725594949004371,0.7916972839413013,923,1857,45,10295,0.8360805860805861,0.8777908343125734,0.7981544439048082
MVI_63521,0.6914677110479138,0.6797571675004433,0.7042968896337877,0.7952014846235419,0.8521960185327238,439,2625,26,15088,0.8819578420864594,0.9566733839714773,0.8180673382820784
MVI_63525,0.7645499199227795,0.7315626771814473,0.8046989057708945,0.8636887608069165,0.8492211131163637,114,350,9,3470,0.9060262529832935,0.9390847247990105,0.8752161383285303
MVI_63544,0.4802277372136605,0.4398074173545775,0.5254484822211033,0.43555781966377993,0.7902577588267354,440,649,19,1963,0.6419155232714555,0.6801596351197263,0.6077432501273561
MVI_63552,0.5299849777795221,0.48204876633128,0.5884594657274511,0.5170814002530578,0.7536592775303956,1010,2385,40,7113,0.7190101937592406,0.8051585918438481,0.649514972585407
MVI_63553,0.5422791104140547,0.4886725753337991,0.6056506491247289,0.5861716937354988,0.7558794301397921,748,3663,48,10775,0.7363563187550308,0.8729007633587786,0.6367517401392111
MVI_63554,0.5809206641785597,0.5303608405231413,0.6387099231512591,0.6240479333807251,0.7845046168976401,692,2961,49,9847,0.7675179340028695,0.8824228028503563,0.679090078196405
MVI_63561,0.5520074871475988,0.4856471610455866,0.6305127160985914,0.536468428032235,0.7920351711843298,1071,3416,57,9803,0.7136318869126933,0.825824617860016,0.6282770580434561
MVI_63562,0.5901207646774325,0.5421800467294849,0.646133802272946,0.6281437125748504,0.7936945128453939,557,1883,44,6680,0.767325909921888,0.8623459096002989,0.6911676646706587
MVI_63563,0.5841856787911022,0.5166043007722887,0.6644971275049314,0.6015265579255542,0.7982856756608863,616,3145,50,9564,0.7519730104223146,0.887135749822317,0.6525512337933919
